,date,USE00020,PE100058,MA000001,price_open,price_high,price_low,price_close,PE100042,S5806281,S5806282,S5807322,S5807323,S5806058,S5808597,S0116880,S0068143,S0029751,S0029752,S0164358,S5806052,S0049507,S0049493,S0181392,S0203259,S0203260,M0086399,PE100035,PE100036,USE00145_low,USE00145_high,USE00145_mean,target
0,2016-04-20,6.5,1162068.0,1022752.0,37010.0,37740.0,36950.0,37360.0,0.974464,-130.0,-110.0,55.0,65.0,13.5,11.5,37380.0,37320.0,4938.5,146200.0,125825.0,325139.0,331689.0,154697.0,37400.0,-200.0,-100.0,699272.0,7.4935,7.5075,-150.0,-100.0,-125.0,0.0
1,2016-04-21,6.5,1162068.0,1022752.0,37520.0,38220.0,37350.0,38100.0,0.911059,-140.0,-120.0,55.0,65.0,17.25,11.25,37810.0,37680.0,5025.5,146275.0,123850.0,326057.0,331689.0,152367.0,37750.0,-200.0,-100.0,705640.0,7.6056,7.6316,-160.0,-120.0,-140.0,0.0
2,2016-04-22,6.52,1162068.0,1022752.0,38400.0,38570.0,37460.0,37970.0,0.905997,-120.0,-100.0,55.0,65.0,12.25,13.5,37960.0,37820.0,5015.5,147800.0,122875.0,329817.0,331689.0,150895.0,37950.0,-200.0,-100.0,660010.0,7.5321,7.5499,-170.0,-120.0,-145.0,1.0
6,2016-04-27,6.53,1162068.0,1022752.0,37710.0,37950.0,37510.0,37630.0,0.831866,-130.0,-110.0,55.0,65.0,10.5,3.5,37720.0,37590.0,4932.0,152200.0,121775.0,329352.0,311894.0,150322.0,37720.0,-200.0,-100.0,651754.0,7.65,7.6663,-180.0,-100.0,-140.0,1.0
7,2016-04-28,6.53,1162068.0,1022752.0,37600.0,37720.0,37010.0,37280.0,0.945685,-100.0,-80.0,55.0,65.0,14.25,6.5,37300.0,37160.0,4912.5,150725.0,118725.0,327669.0,311894.0,150449.0,37280.0,-180.0,-80.0,687708.0,7.5202,7.5405,-150.0,-100.0,-125.0,0.0
8,2016-04-29,6.53,1162068.0,1022752.0,37290.0,37800.0,37180.0,37660.0,0.870756,-90.0,-70.0,55.0,65.0,14.0,11.0,37560.0,37430.0,5045.0,149500.0,115225.0,327871.0,311894.0,149998.0,37520.0,-150.0,-70.0,682332.0,7.4502,7.4641,-140.0,-100.0,-120.0,0.0
10,2016-05-03,6.51,1035377.0,1063494.0,37780.0,37970.0,37420.0,37910.0,0.957391,-100.0,-80.0,55.0,65.0,8.25,4.0,37690.0,37470.0,4960.0,154675.0,118325.0,325400.0,313168.0,151634.0,37680.0,-100.0,-60.0,691858.0,7.6812,7.7178,-140.0,-80.0,-110.0,1.0
11,2016-05-04,6.51,1035377.0,1063494.0,37680.0,37780.0,37140.0,37230.0,0.948613,-40.0,-20.0,55.0,65.0,12.5,4.5,37390.0,37140.0,4892.0,156500.0,120925.0,330534.0,313168.0,152311.0,37350.0,-80.0,20.0,716772.0,7.6181,7.6448,-100.0,-20.0,-60.0,1.0
12,2016-05-05,6.54,1035377.0,1063494.0,37220.0,37340.0,36820.0,36840.0,0.885884,40.0,60.0,55.0,65.0,17.25,10.25,37070.0,36880.0,4826.0,156725.0,114125.0,330752.0,313168.0,153734.0,37060.0,-40.0,40.0,732674.0,7.6831,7.6999,-10.0,20.0,5.0,1.0
15,2016-05-09,6.54,1035377.0,1063494.0,36540.0,36970.0,35780.0,35840.0,0.769026,40.0,60.0,55.0,65.0,12.5,5.5,36270.0,36030.0,4739.5,159600.0,117325.0,335608.0,286210.0,153178.0,36270.0,-40.0,40.0,767272.0,7.6288,7.6459,-30.0,10.0,-10.0,1.0
17,2016-05-11,6.56,1035377.0,1063494.0,35880.0,36080.0,35690.0,35960.0,0.784189,60.0,80.0,55.0,65.0,9.75,5.5,35950.0,35780.0,4748.0,161625.0,119150.0,338662.0,286210.0,149494.0,35920.0,-10.0,50.0,766450.0,7.6075,7.6373,10.0,40.0,25.0,1.0
19,2016-05-13,6.54,1035377.0,1063494.0,36240.0,36380.0,35030.0,35480.0,0.781148,100.0,120.0,55.0,65.0,8.5,2.75,35590.0,35310.0,4660.0,156675.0,120150.0,340428.0,286210.0,138643.0,35560.0,60.0,120.0,783302.0,7.625,7.6639,50.0,80.0,65.0,1.0
21,2016-05-16,6.56,1035377.0,1063494.0,35390.0,35770.0,35120.0,35610.0,0.909926,-30.0,-10.0,55.0,65.0,4.5,-1.25,35500.0,35270.0,4640.5,159025.0,124700.0,335834.0,257334.0,135835.0,35440.0,100.0,200.0,781236.0,7.6431,7.6647,50.0,100.0,75.0,0.0
22,2016-05-17,6.57,1035377.0,1063494.0,35500.0,35960.0,35500.0,35900.0,1.03267,-50.0,-30.0,55.0,65.0,2.0,-3.0,35860.0,35710.0,4634.0,156750.0,124750.0,334955.0,257334.0,139892.0,35770.0,-90.0,-30.0,748088.0,7.6948,7.7098,-80.0,-40.0,-60.0,1.0
23,2016-05-18,6.57,1035377.0,1063494.0,35700.0,35940.0,35290.0,35380.0,1.09469,40.0,60.0,55.0,65.0,10.75,-0.75,35650.0,35540.0,4600.5,156850.0,124675.0,336292.0,257334.0,136691.0,35590.0,-20.0,50.0,763538.0,7.7335,7.7508,-30.0,30.0,0.0,1.0
24,2016-05-19,6.57,1035377.0,1063494.0,35210.0,35640.0,35110.0,35200.0,1.02728,110.0,130.0,55.0,65.0,13.75,-0.25,35360.0,35320.0,4596.0,158600.0,127025.0,336095.0,257334.0,129547.0,35360.0,40.0,100.0,759452.0,7.6665,7.673,40.0,80.0,60.0,1.0
25,2016-05-20,6.59,1035377.0,1063494.0,35160.0,35440.0,34820.0,35320.0,1.06381,100.0,120.0,55.0,65.0,10.5,0.25,35230.0,35240.0,4630.5,155725.0,123300.0,335767.0,257334.0,122893.0,35200.0,20.0,80.0,773328.0,7.7206,7.7249,30.0,80.0,55.0,1.0
27,2016-05-23,6.58,1035377.0,1063494.0,35480.0,35570.0,34880.0,35170.0,1.11272,90.0,110.0,55.0,65.0,15.5,-3.25,35150.0,35110.0,4572.0,155000.0,124100.0,331352.0,221212.0,117216.0,35150.0,40.0,90.0,779726.0,7.7745,7.7811,40.0,80.0,60.0,0.0
28,2016-05-24,6.59,1035377.0,1063494.0,35200.0,35370.0,35030.0,35190.0,1.04897,90.0,110.0,55.0,65.0,21.0,0.25,35210.0,35190.0,4637.0,157250.0,114900.0,329462.0,221212.0,111194.0,35210.0,40.0,100.0,769922.0,7.6458,7.6372,50.0,90.0,70.0,0.0
29,2016-05-25,6.59,1035377.0,1063494.0,35460.0,35700.0,35280.0,35490.0,1.11755,100.0,120.0,55.0,60.0,17.75,-0.25,35500.0,35500.0,4636.0,155250.0,110000.0,330969.0,221212.0,106192.0,35500.0,40.0,100.0,754846.0,7.6163,7.612,50.0,90.0,70.0,0.0
30,2016-05-26,6.6,1035377.0,1063494.0,35750.0,36080.0,35640.0,36060.0,1.16987,90.0,110.0,55.0,60.0,21.0,-1.5,35840.0,35830.0,4705.5,155975.0,108375.0,331967.0,221212.0,102643.0,35840.0,60.0,100.0,757078.0,7.6507,7.6572,40.0,80.0,60.0,0.0
31,2016-05-27,6.6,1035377.0,1063494.0,36090.0,36210.0,35610.0,35840.0,1.20423,100.0,120.0,55.0,60.0,25.5,0.0,35870.0,35810.0,4725.5,153750.0,103650.0,331647.0,221212.0,101142.0,35860.0,60.0,100.0,759628.0,7.6303,7.6388,50.0,80.0,65.0,1.0
34,2016-05-31,6.62,999755.0,923516.0,35780.0,35990.0,35640.0,35750.0,1.04912,80.0,100.0,55.0,60.0,25.75,0.5,35820.0,35770.0,4700.0,151725.0,103600.0,326649.0,210995.0,97017.0,35800.0,40.0,90.0,769082.0,7.6694,7.6651,30.0,60.0,45.0,1.0
35,2016-06-01,6.62,999755.0,923516.0,35810.0,35890.0,35120.0,35190.0,1.16544,110.0,130.0,55.0,60.0,15.0,-2.0,35480.0,35370.0,4601.0,154350.0,105375.0,328819.0,210995.0,96043.0,35480.0,50.0,100.0,810016.0,7.7525,7.7612,50.0,100.0,75.0,1.0
36,2016-06-02,6.63,999755.0,923516.0,35180.0,35460.0,35070.0,35280.0,1.17786,120.0,140.0,45.0,55.0,9.0,-1.75,35300.0,35320.0,4600.0,153525.0,103050.0,331367.0,210995.0,94669.0,35280.0,70.0,130.0,808342.0,7.6429,7.6321,80.0,120.0,100.0,0.0
37,2016-06-03,6.62,999755.0,923516.0,35250.0,35760.0,35170.0,35720.0,1.20715,150.0,170.0,45.0,55.0,8.5,-1.0,35400.0,35510.0,4688.0,153675.0,103200.0,333145.0,210995.0,86221.0,35420.0,100.0,160.0,791012.0,7.5272,7.5144,90.0,140.0,115.0,0.0
39,2016-06-06,6.62,999755.0,923516.0,36110.0,36300.0,35800.0,36260.0,1.25928,130.0,150.0,45.0,55.0,0.5,-14.5,36070.0,36160.0,4706.0,174400.0,124450.0,333750.0,182338.0,83797.0,36080.0,100.0,140.0,767294.0,7.701,7.6882,90.0,120.0,105.0,1.0
40,2016-06-07,6.6,999755.0,923516.0,36150.0,36300.0,35800.0,35840.0,1.18882,160.0,180.0,35.0,55.0,-4.0,-24.25,36020.0,35990.0,4589.0,196225.0,146300.0,328011.0,182338.0,80976.0,36040.0,100.0,150.0,755432.0,7.8738,7.8519,110.0,140.0,125.0,1.0
41,2016-06-08,6.61,999755.0,923516.0,35340.0,35390.0,35100.0,35230.0,1.10697,160.0,180.0,45.0,55.0,-10.75,-27.25,35280.0,35470.0,4590.5,207300.0,159200.0,323576.0,182338.0,74984.0,35270.0,120.0,160.0,781966.0,7.7393,7.6913,100.0,160.0,130.0,0.0
44,2016-06-13,6.61,999755.0,923516.0,34880.0,35540.0,34850.0,35250.0,1.03802,160.0,180.0,45.0,55.0,-16.5,-38.75,35260.0,35460.0,4515.0,207625.0,168650.0,320456.0,166105.0,72661.0,35280.0,110.0,150.0,732910.0,7.787,7.7387,90.0,140.0,115.0,0.0
45,2016-06-14,6.63,999755.0,923516.0,35200.0,35540.0,35080.0,35110.0,0.9681,110.0,130.0,45.0,55.0,-14.75,-38.75,35310.0,35460.0,4510.5,203275.0,168650.0,315641.0,166105.0,72530.0,35320.0,80.0,120.0,729912.0,7.8185,7.772,50.0,110.0,80.0,1.0
46,2016-06-15,6.63,999755.0,923516.0,35100.0,35370.0,34980.0,35320.0,0.814512,30.0,50.0,45.0,55.0,-12.25,-31.0,35150.0,35370.0,4632.0,202150.0,165450.0,317831.0,166105.0,77824.0,35170.0,0.0,70.0,715704.0,7.6374,7.6137,0.0,70.0,35.0,0.0
47,2016-06-16,6.64,999755.0,923516.0,35890.0,36000.0,35330.0,35410.0,1.00086,110.0,130.0,45.0,55.0,-6.5,-22.75,35630.0,35710.0,4524.5,199025.0,161200.0,320293.0,166105.0,76026.0,35690.0,70.0,150.0,669616.0,7.8165,7.8011,80.0,120.0,100.0,1.0
48,2016-06-17,6.62,999755.0,923516.0,35210.0,35600.0,35160.0,35560.0,0.961263,120.0,140.0,45.0,55.0,-10.5,-20.0,35310.0,35420.0,4521.5,195925.0,155975.0,320235.0,166105.0,71726.0,35330.0,70.0,130.0,657280.0,7.8229,7.8098,80.0,120.0,100.0,0.0
50,2016-06-20,6.62,999755.0,923516.0,35410.0,35630.0,35320.0,35460.0,1.04118,140.0,160.0,45.0,55.0,-10.75,-20.5,35450.0,35530.0,4585.0,194025.0,151475.0,319967.0,155235.0,69705.0,35470.0,80.0,130.0,652328.0,7.6471,7.6363,80.0,120.0,100.0,0.0
51,2016-06-21,6.62,999755.0,923516.0,35610.0,35880.0,35480.0,35570.0,1.09925,120.0,140.0,45.0,55.0,-11.25,-26.0,35640.0,35690.0,4587.0,192175.0,149350.0,316502.0,155235.0,66898.0,35680.0,80.0,130.0,642572.0,7.6306,7.6156,70.0,120.0,95.0,0.0
52,2016-06-22,6.62,999755.0,923516.0,35650.0,36270.0,35530.0,36260.0,1.02517,120.0,140.0,45.0,55.0,-8.5,-23.75,35860.0,35900.0,4687.5,190700.0,144450.0,317703.0,155235.0,64323.0,35890.0,70.0,130.0,650178.0,7.5753,7.5668,80.0,120.0,100.0,0.0
53,2016-06-23,6.63,999755.0,923516.0,36280.0,36390.0,36060.0,36270.0,1.05889,120.0,140.0,50.0,60.0,-3.5,-16.5,36150.0,36170.0,4747.0,194375.0,139750.0,316893.0,155235.0,62881.0,36200.0,70.0,130.0,648758.0,7.5989,7.5905,80.0,120.0,100.0,0.0
54,2016-06-24,6.62,999755.0,923516.0,36550.0,36760.0,35850.0,35970.0,1.00544,110.0,150.0,50.0,60.0,-8.0,-20.5,36190.0,36200.0,4663.0,192375.0,139500.0,318946.0,155235.0,62653.0,36280.0,70.0,130.0,629176.0,7.6497,7.6476,80.0,120.0,100.0,0.0
56,2016-06-27,6.64,999755.0,923516.0,36120.0,36730.0,36020.0,36720.0,1.04086,110.0,130.0,50.0,60.0,-11.5,-26.0,36390.0,36370.0,4692.0,191700.0,139875.0,319984.0,161894.0,64689.0,36400.0,70.0,120.0,630384.0,7.6578,7.6557,70.0,110.0,90.0,0.0
57,2016-06-28,6.68,999755.0,923516.0,36500.0,37280.0,36460.0,37200.0,0.931621,80.0,100.0,50.0,60.0,-8.75,-23.0,36880.0,36830.0,4777.5,192950.0,141725.0,318945.0,161894.0,63752.0,36870.0,50.0,100.0,645712.0,7.7214,7.7339,10.0,70.0,40.0,0.0
58,2016-06-29,6.69,999755.0,923516.0,37300.0,37500.0,37010.0,37220.0,0.99545,50.0,70.0,50.0,60.0,-7.75,-22.75,37220.0,37110.0,4780.0,194200.0,139325.0,320403.0,161894.0,63602.0,37260.0,10.0,60.0,642454.0,7.7276,7.7441,10.0,50.0,30.0,0.0
59,2016-06-30,6.69,991204.0,1102055.0,37250.0,37690.0,37080.0,37530.0,1.08429,40.0,60.0,50.0,60.0,-5.0,-21.0,37480.0,37430.0,4827.0,191525.0,136700.0,318983.0,161894.0,66817.0,37470.0,-20.0,50.0,626830.0,7.6923,7.7006,-10.0,40.0,15.0,1.0
60,2016-07-01,6.69,991204.0,1102055.0,37440.0,37630.0,37140.0,37300.0,0.953426,50.0,70.0,50.0,60.0,-11.5,-24.75,37370.0,37360.0,4783.5,189125.0,137150.0,325478.0,161894.0,66589.0,37380.0,0.0,50.0,611058.0,7.642,7.642,-20.0,40.0,10.0,0.0
62,2016-07-04,6.69,991204.0,1102055.0,37290.0,38510.0,37220.0,38410.0,0.893746,50.0,70.0,50.0,60.0,-13.25,-26.5,38090.0,38030.0,4920.0,188400.0,137225.0,324038.0,162130.0,66589.0,38040.0,-20.0,60.0,659864.0,7.8225,7.8532,-20.0,30.0,5.0,1.0
63,2016-07-05,6.7,991204.0,1102055.0,38440.0,38540.0,37470.0,37790.0,0.86417,40.0,60.0,45.0,60.0,-19.25,-33.75,37910.0,37620.0,4840.5,198925.0,147750.0,329620.0,162130.0,67608.0,37880.0,-20.0,70.0,637608.0,7.8297,7.8484,-10.0,50.0,20.0,1.0
64,2016-07-06,6.71,991204.0,1102055.0,37760.0,37850.0,36950.0,37380.0,0.883301,50.0,70.0,45.0,60.0,-18.5,-37.0,37410.0,37320.0,4706.0,222550.0,172100.0,330998.0,162130.0,68007.0,37390.0,0.0,70.0,608418.0,7.8669,7.8711,10.0,60.0,35.0,1.0
65,2016-07-07,6.74,991204.0,1102055.0,36880.0,37290.0,36820.0,36910.0,1.03589,110.0,130.0,45.0,60.0,-14.0,-38.25,37070.0,37050.0,4725.0,220725.0,172100.0,331064.0,162130.0,67882.0,37050.0,20.0,100.0,592260.0,7.8576,7.8683,40.0,90.0,65.0,1.0
66,2016-07-08,6.74,991204.0,1102055.0,36960.0,37100.0,36450.0,36620.0,1.25095,110.0,130.0,45.0,60.0,-12.75,-37.25,36660.0,36590.0,4710.0,223225.0,170725.0,330907.0,162130.0,67083.0,36680.0,50.0,120.0,592188.0,7.8226,7.8502,40.0,100.0,70.0,0.0
68,2016-07-11,6.74,991204.0,1102055.0,36800.0,37130.0,36540.0,37020.0,1.40395,60.0,100.0,45.0,60.0,-20.0,-38.0,36820.0,36820.0,4746.0,222600.0,162800.0,331462.0,177199.0,65640.0,36800.0,40.0,90.0,590146.0,7.7095,7.7432,0.0,70.0,35.0,0.0
69,2016-07-12,6.74,991204.0,1102055.0,37140.0,37260.0,36900.0,37180.0,1.36724,50.0,70.0,45.0,60.0,-19.0,-34.75,37080.0,37010.0,4811.5,234750.0,171225.0,337624.0,177199.0,65315.0,37060.0,-20.0,80.0,587960.0,7.6198,7.6321,-20.0,50.0,15.0,0.0
70,2016-07-13,6.74,991204.0,1102055.0,37500.0,39210.0,37260.0,38580.0,1.68909,20.0,40.0,45.0,60.0,-19.75,-29.75,38390.0,38370.0,4918.5,233050.0,164150.0,344573.0,177199.0,66014.0,38350.0,-50.0,60.0,638266.0,7.5162,7.5912,-40.0,40.0,0.0,0.0
71,2016-07-14,6.74,991204.0,1102055.0,38660.0,38820.0,38190.0,38640.0,1.1705,0.0,20.0,45.0,60.0,-19.0,-31.25,38470.0,38310.0,4911.5,234925.0,158925.0,346005.0,177199.0,66562.0,38470.0,-80.0,50.0,654666.0,7.7996,7.8158,-80.0,30.0,-25.0,1.0
72,2016-07-15,6.73,991204.0,1102055.0,38530.0,38710.0,38230.0,38500.0,0.941003,-20.0,0.0,45.0,60.0,-17.5,-31.25,38430.0,38220.0,4945.5,231275.0,154150.0,348200.0,177199.0,74907.0,38420.0,-100.0,10.0,657412.0,7.8018,7.8181,-80.0,-30.0,-55.0,1.0
74,2016-07-18,6.72,991204.0,1102055.0,38700.0,38930.0,37800.0,37850.0,0.84709,-30.0,-10.0,45.0,60.0,-17.0,-30.75,38140.0,38070.0,4839.0,229425.0,148450.0,348456.0,174971.0,74155.0,38230.0,-80.0,30.0,630140.0,7.658,7.6661,-80.0,-20.0,-50.0,0.0
75,2016-07-19,6.74,991204.0,1102055.0,37790.0,38550.0,37790.0,38300.0,0.846002,-10.0,10.0,45.0,60.0,-16.25,-33.25,38310.0,38210.0,4938.0,226300.0,147450.0,339656.0,174971.0,73830.0,38240.0,-70.0,20.0,618974.0,7.6747,7.6968,-50.0,0.0,-25.0,0.0
76,2016-07-20,6.74,991204.0,1102055.0,38380.0,38800.0,38110.0,38280.0,0.846291,0.0,20.0,45.0,60.0,-12.25,-37.0,38480.0,38320.0,4900.5,228000.0,151050.0,342921.0,174971.0,73785.0,38460.0,-100.0,20.0,627464.0,7.7253,7.7435,-30.0,10.0,-10.0,1.0
77,2016-07-21,6.73,991204.0,1102055.0,38020.0,38690.0,37870.0,38650.0,0.806694,10.0,30.0,45.0,60.0,-9.5,-32.25,38490.0,38400.0,4953.5,228400.0,152300.0,343442.0,174971.0,74013.0,38400.0,-120.0,20.0,631372.0,7.7548,7.7749,-40.0,10.0,-15.0,0.0
78,2016-07-22,6.71,991204.0,1102055.0,38570.0,38840.0,38160.0,38180.0,0.825614,10.0,30.0,45.0,60.0,-9.0,-31.0,38500.0,38350.0,4956.0,222725.0,138250.0,343312.0,174971.0,71863.0,38460.0,-20.0,20.0,615460.0,7.7539,7.7722,-50.0,10.0,-20.0,1.0
80,2016-07-25,6.71,991204.0,1102055.0,38350.0,38650.0,37830.0,38160.0,0.855902,10.0,30.0,45.0,60.0,-12.25,-32.5,38250.0,38100.0,4920.0,221350.0,135500.0,344007.0,165468.0,71136.0,38180.0,-50.0,20.0,605460.0,7.7753,7.7916,-50.0,20.0,-15.0,1.0
81,2016-07-26,6.72,991204.0,1102055.0,38170.0,38250.0,37600.0,37810.0,0.797067,20.0,40.0,45.0,60.0,-12.75,-33.75,37900.0,37740.0,4862.0,213725.0,135675.0,346432.0,165468.0,71136.0,37810.0,-130.0,30.0,592236.0,7.6662,7.6845,-40.0,30.0,-5.0,0.0
82,2016-07-27,6.72,991204.0,1102055.0,37770.0,38090.0,37620.0,37740.0,0.886282,20.0,40.0,45.0,60.0,-11.0,-35.0,37950.0,37820.0,4869.5,214425.0,141650.0,346411.0,165468.0,70528.0,37890.0,0.0,40.0,588728.0,7.7729,7.7914,-30.0,30.0,0.0,1.0
83,2016-07-28,6.71,991204.0,1102055.0,37700.0,37890.0,37430.0,37820.0,0.823616,70.0,90.0,45.0,60.0,-11.75,-34.75,37820.0,37680.0,4862.0,208725.0,140475.0,349825.0,165468.0,70020.0,37700.0,0.0,70.0,576748.0,7.7112,7.7398,-20.0,70.0,25.0,0.0
84,2016-07-29,6.7,991204.0,1102055.0,37880.0,38060.0,37430.0,37470.0,0.854706,40.0,60.0,45.0,60.0,-9.75,-31.5,37930.0,37730.0,4853.0,209450.0,142975.0,344954.0,165468.0,71135.0,37810.0,0.0,80.0,567430.0,7.623,7.6291,-10.0,70.0,30.0,0.0
86,2016-08-01,6.7,972735.0,837883.0,37690.0,38330.0,37500.0,38280.0,0.865185,80.0,100.0,45.0,60.0,-13.5,-37.0,38050.0,37870.0,4907.0,210075.0,146850.0,351180.0,165239.0,71613.0,37980.0,30.0,90.0,576834.0,7.8099,7.8427,0.0,90.0,45.0,1.0
87,2016-08-02,6.68,972735.0,837883.0,38140.0,38160.0,37680.0,38020.0,0.985695,100.0,120.0,45.0,60.0,-11.25,-36.5,38010.0,37760.0,4885.5,209650.0,151000.0,352804.0,165239.0,70935.0,37940.0,-70.0,110.0,570826.0,7.7382,7.7751,10.0,100.0,55.0,0.0
88,2016-08-03,6.69,972735.0,837883.0,38120.0,38450.0,37680.0,37790.0,1.0621,90.0,130.0,45.0,60.0,-15.5,-39.0,38120.0,37780.0,4844.5,207350.0,153450.0,348481.0,165239.0,69713.0,38050.0,40.0,150.0,574808.0,7.7388,7.7613,30.0,130.0,80.0,1.0
89,2016-08-04,6.67,972735.0,837883.0,37710.0,37910.0,37430.0,37620.0,1.01535,120.0,180.0,45.0,60.0,-16.0,-41.0,37730.0,37540.0,4787.0,209300.0,159550.0,349247.0,165239.0,67568.0,37650.0,40.0,170.0,563804.0,7.7704,7.7808,30.0,170.0,100.0,1.0
90,2016-08-05,6.68,972735.0,837883.0,37300.0,37770.0,37280.0,37620.0,1.06882,140.0,180.0,45.0,60.0,-9.75,-39.75,37600.0,37470.0,4792.5,206650.0,160700.0,347788.0,165239.0,66244.0,37540.0,80.0,180.0,542568.0,7.7602,7.7727,40.0,170.0,105.0,1.0
92,2016-08-08,6.68,972735.0,837883.0,37510.0,37680.0,37370.0,37540.0,0.918071,100.0,180.0,45.0,60.0,-10.5,-35.5,37580.0,37440.0,4796.0,205025.0,152200.0,349366.0,174563.0,64549.0,37510.0,50.0,150.0,540380.0,7.7822,7.803,20.0,140.0,80.0,1.0
93,2016-08-09,6.71,972735.0,837883.0,37560.0,37760.0,37180.0,37220.0,0.863683,60.0,140.0,45.0,60.0,-9.75,-37.5,37510.0,37280.0,4779.0,205350.0,154825.0,348976.0,174563.0,63776.0,37470.0,30.0,150.0,558306.0,7.7736,7.7882,-10.0,120.0,55.0,1.0
94,2016-08-10,6.71,972735.0,837883.0,37160.0,37530.0,37100.0,37470.0,0.999301,50.0,130.0,45.0,60.0,-4.75,-34.0,37420.0,37240.0,4874.5,204825.0,150525.0,344038.0,174563.0,65731.0,37350.0,0.0,120.0,551562.0,7.7338,7.769,-20.0,110.0,45.0,0.0
95,2016-08-11,6.69,972735.0,837883.0,37790.0,37800.0,37450.0,37530.0,0.79986,70.0,130.0,45.0,60.0,-8.0,-36.25,37650.0,37360.0,4810.0,203925.0,148975.0,341591.0,174563.0,65780.0,37600.0,20.0,120.0,538080.0,7.7079,7.7429,10.0,130.0,70.0,1.0
96,2016-08-12,6.68,972735.0,837883.0,37550.0,37690.0,37450.0,37560.0,0.970262,100.0,160.0,45.0,60.0,-12.0,-41.0,37620.0,37380.0,4746.0,202375.0,148400.0,341018.0,174563.0,69337.0,37570.0,50.0,140.0,532278.0,7.8436,7.875,20.0,130.0,75.0,1.0
98,2016-08-15,6.69,972735.0,837883.0,37230.0,37350.0,37000.0,37070.0,1.13542,50.0,70.0,45.0,60.0,-7.25,-39.75,37280.0,37040.0,4746.0,207150.0,151800.0,334272.0,172619.0,69199.0,37210.0,60.0,160.0,538510.0,7.7519,7.7666,40.0,160.0,100.0,1.0
99,2016-08-16,6.69,972735.0,837883.0,37070.0,37290.0,37020.0,37220.0,1.18661,40.0,60.0,45.0,60.0,-11.0,-40.25,37300.0,37080.0,4798.0,205375.0,147575.0,327474.0,172619.0,68899.0,37160.0,-60.0,70.0,515764.0,7.724,7.7468,-40.0,50.0,5.0,0.0
100,2016-08-17,6.69,972735.0,837883.0,37330.0,37390.0,37180.0,37220.0,1.1966,50.0,70.0,45.0,60.0,-15.0,-43.5,37400.0,37200.0,4755.5,213300.0,153075.0,326416.0,172619.0,67123.0,37280.0,-50.0,60.0,504588.0,7.7814,7.8107,-40.0,40.0,0.0,1.0
101,2016-08-18,6.67,972735.0,837883.0,37180.0,37400.0,37090.0,37370.0,1.17378,40.0,60.0,45.0,60.0,-16.0,-45.25,37370.0,37170.0,4802.5,213425.0,149425.0,327254.0,172619.0,64919.0,37230.0,-60.0,40.0,512992.0,7.764,7.7911,-60.0,20.0,-20.0,0.0
102,2016-08-19,6.67,972735.0,837883.0,37480.0,37490.0,37230.0,37390.0,1.27352,-10.0,30.0,45.0,60.0,-12.25,-47.0,37450.0,37230.0,4774.0,210625.0,151250.0,325898.0,172619.0,62487.0,37330.0,-60.0,20.0,508572.0,7.7771,7.7979,-70.0,-10.0,-40.0,1.0
104,2016-08-22,6.67,972735.0,837883.0,37290.0,37390.0,37080.0,37140.0,1.30178,-20.0,0.0,45.0,60.0,-15.0,-48.0,37360.0,37180.0,4732.0,229375.0,172050.0,325738.0,165803.0,58609.0,37250.0,-70.0,0.0,514360.0,7.8042,7.8232,-80.0,-20.0,-50.0,1.0
105,2016-08-23,6.71,972735.0,837883.0,37020.0,37180.0,36910.0,37120.0,1.22497,-20.0,0.0,45.0,60.0,-17.5,-46.75,37210.0,37080.0,4719.0,240075.0,186350.0,327698.0,165803.0,56447.0,37090.0,-70.0,0.0,511844.0,7.8865,7.9035,-70.0,-20.0,-45.0,1.0
106,2016-08-24,6.69,972735.0,837883.0,36970.0,37040.0,36640.0,36650.0,1.16589,30.0,50.0,45.0,60.0,-17.0,-44.75,36940.0,36770.0,4658.5,254700.0,202050.0,329939.0,165803.0,54872.0,36830.0,-50.0,20.0,539910.0,7.9068,7.9176,-50.0,10.0,-20.0,1.0
107,2016-08-25,6.7,972735.0,837883.0,36530.0,36640.0,36050.0,36370.0,1.08293,70.0,90.0,45.0,60.0,-9.0,-43.0,36430.0,36310.0,4639.5,263875.0,213450.0,329233.0,165803.0,52626.0,36330.0,0.0,70.0,526572.0,7.8483,7.8678,0.0,50.0,25.0,0.0
108,2016-08-26,6.7,972735.0,837883.0,36290.0,36530.0,36180.0,36430.0,1.04798,60.0,80.0,45.0,60.0,-11.5,-44.0,36450.0,36340.0,4622.0,271575.0,223275.0,330653.0,165803.0,51239.0,36350.0,0.0,60.0,531076.0,7.887,7.8913,0.0,50.0,25.0,0.0
111,2016-08-30,6.72,972735.0,837883.0,36350.0,36520.0,36240.0,36260.0,0.994403,60.0,80.0,45.0,60.0,-12.0,-42.25,36460.0,36390.0,4609.0,283225.0,239250.0,332636.0,152404.0,48980.0,36390.0,0.0,70.0,523302.0,7.8676,7.8698,10.0,50.0,30.0,1.0
112,2016-08-31,6.72,975266.0,1015471.0,36250.0,36390.0,36140.0,36270.0,0.855266,80.0,100.0,45.0,60.0,-11.25,-38.25,36340.0,36270.0,4602.5,293525.0,253975.0,322559.0,152404.0,47592.0,36280.0,10.0,80.0,515630.0,7.864,7.8597,30.0,70.0,50.0,0.0
113,2016-09-01,6.72,975266.0,1015471.0,36260.0,36670.0,36230.0,36530.0,0.815063,110.0,130.0,45.0,60.0,-10.0,-40.75,36510.0,36420.0,4620.0,304775.0,265800.0,324515.0,152404.0,47140.0,36450.0,20.0,80.0,513422.0,7.8885,7.9014,50.0,90.0,70.0,0.0
114,2016-09-02,6.72,975266.0,1015471.0,36490.0,36690.0,36400.0,36670.0,0.845126,120.0,140.0,45.0,60.0,-10.5,-36.75,36560.0,36500.0,4607.0,318500.0,278350.0,327804.0,152404.0,44394.0,36530.0,40.0,130.0,513988.0,7.9109,7.9261,70.0,120.0,95.0,0.0
116,2016-09-05,6.72,975266.0,1015471.0,36640.0,36660.0,36440.0,36510.0,0.773325,120.0,140.0,45.0,60.0,-14.75,-37.25,36580.0,36540.0,4603.0,328525.0,283350.0,324428.0,143716.0,42697.0,36550.0,40.0,110.0,517694.0,7.8885,7.8906,60.0,100.0,80.0,1.0
117,2016-09-06,6.72,975266.0,1015471.0,36460.0,36620.0,36390.0,36570.0,0.806476,110.0,150.0,50.0,60.0,-17.0,-39.0,36550.0,36500.0,4623.0,334975.0,290600.0,323455.0,143716.0,39992.0,36520.0,40.0,120.0,516114.0,7.9052,7.9139,50.0,90.0,70.0,0.0
118,2016-09-07,6.73,975266.0,1015471.0,36600.0,36870.0,36460.0,36750.0,0.79923,100.0,120.0,50.0,60.0,-18.25,-38.5,36700.0,36670.0,4643.0,339600.0,295825.0,323261.0,143716.0,37635.0,36660.0,40.0,100.0,510102.0,7.8993,7.91,50.0,80.0,65.0,1.0
119,2016-09-08,6.72,975266.0,1015471.0,36750.0,36850.0,36530.0,36570.0,0.818245,110.0,130.0,50.0,60.0,-17.5,-36.25,36700.0,36620.0,4617.5,338225.0,291025.0,324192.0,143716.0,36786.0,36660.0,50.0,100.0,505006.0,7.8358,7.8401,50.0,90.0,70.0,1.0
120,2016-09-09,6.71,975266.0,1015471.0,36560.0,36730.0,36460.0,36620.0,0.886463,120.0,140.0,50.0,60.0,-18.5,-38.0,36650.0,36610.0,4622.5,350600.0,302625.0,322544.0,143716.0,35315.0,36620.0,50.0,110.0,495782.0,7.9037,7.9059,70.0,110.0,90.0,1.0
122,2016-09-12,6.72,975266.0,1015471.0,36560.0,36630.0,36130.0,36170.0,0.731429,120.0,140.0,50.0,60.0,-19.25,-36.5,36350.0,36340.0,4573.0,354200.0,299325.0,322469.0,136329.0,36689.0,36360.0,40.0,120.0,523876.0,7.7891,7.7827,60.0,100.0,80.0,0.0
123,2016-09-13,6.72,975266.0,1015471.0,36250.0,36620.0,36250.0,36600.0,0.606295,130.0,150.0,50.0,60.0,-16.75,-30.0,36490.0,36520.0,4641.5,353375.0,297000.0,321680.0,136329.0,33968.0,36480.0,100.0,160.0,486196.0,7.8697,7.8718,90.0,140.0,115.0,0.0
124,2016-09-14,6.72,975266.0,1015471.0,36630.0,36800.0,36470.0,36730.0,0.40751,150.0,170.0,50.0,60.0,-17.0,-32.25,36660.0,36660.0,4694.5,351500.0,298625.0,322934.0,136329.0,30895.0,36640.0,80.0,150.0,466872.0,7.7086,7.7002,80.0,130.0,105.0,0.0
127,2016-09-19,6.71,975266.0,1015471.0,37100.0,37240.0,36930.0,37230.0,0.3418,100.0,120.0,50.0,60.0,-22.75,-36.0,37100.0,37070.0,4731.5,349625.0,291650.0,322835.0,130780.0,35039.0,37110.0,50.0,140.0,450134.0,7.7842,7.8009,80.0,120.0,100.0,0.0
128,2016-09-20,6.71,975266.0,1015471.0,37260.0,37350.0,37160.0,37280.0,1.29973,100.0,120.0,50.0,60.0,-23.75,-41.5,37270.0,37200.0,4732.5,347950.0,293450.0,318918.0,130780.0,34614.0,37240.0,40.0,130.0,439356.0,7.7762,7.7887,80.0,120.0,100.0,0.0
129,2016-09-21,6.71,975266.0,1015471.0,37300.0,37500.0,37190.0,37300.0,1.38161,130.0,150.0,55.0,65.0,-23.25,-43.0,37340.0,37280.0,4733.0,347800.0,296575.0,316349.0,130780.0,34165.0,37330.0,50.0,130.0,440268.0,7.8321,7.8363,80.0,120.0,100.0,0.0
130,2016-09-22,6.71,975266.0,1015471.0,37310.0,37680.0,37240.0,37650.0,1.4367,150.0,170.0,55.0,65.0,-18.0,-38.75,37550.0,37500.0,4815.5,346050.0,292825.0,319795.0,130780.0,32193.0,37490.0,60.0,140.0,458610.0,7.7558,7.7743,90.0,120.0,105.0,0.0
131,2016-09-23,6.71,975266.0,1015471.0,37770.0,37900.0,37650.0,37860.0,1.54437,150.0,170.0,55.0,65.0,-22.0,-43.0,37830.0,37710.0,4815.0,356875.0,297075.0,319768.0,130780.0,29866.0,37770.0,80.0,140.0,461368.0,7.7971,7.8136,90.0,120.0,105.0,1.0
133,2016-09-26,6.71,975266.0,1015471.0,37820.0,37900.0,37690.0,37760.0,1.50605,140.0,160.0,55.0,65.0,-21.75,-44.0,37830.0,37720.0,4794.0,364125.0,307075.0,321819.0,107058.0,26867.0,37770.0,80.0,150.0,456438.0,7.7918,7.8042,90.0,120.0,105.0,1.0
134,2016-09-27,6.71,975266.0,1015471.0,37750.0,37830.0,37470.0,37680.0,1.35334,160.0,180.0,55.0,65.0,-18.25,-41.5,37680.0,37580.0,4775.0,371475.0,308850.0,321667.0,107058.0,24742.0,37640.0,90.0,160.0,462712.0,7.8601,7.8706,100.0,140.0,120.0,1.0
135,2016-09-28,6.71,975266.0,1015471.0,37550.0,37610.0,37270.0,37520.0,1.31209,200.0,220.0,55.0,65.0,-17.0,-40.5,37480.0,37440.0,4807.5,369075.0,293700.0,319307.0,107058.0,23193.0,37450.0,120.0,190.0,449096.0,7.7829,7.7891,130.0,180.0,155.0,0.0
136,2016-09-29,6.71,975266.0,1015471.0,37600.0,37960.0,37530.0,37650.0,1.30926,210.0,230.0,55.0,65.0,-15.75,-43.0,37790.0,37800.0,4816.5,379175.0,301275.0,321517.0,107058.0,21993.0,37780.0,120.0,200.0,444148.0,7.7832,7.7749,140.0,190.0,165.0,1.0
137,2016-09-30,6.71,967692.0,1097852.0,37680.0,37880.0,37560.0,37710.0,1.33553,200.0,220.0,55.0,65.0,-17.0,-40.0,37700.0,37670.0,4832.0,372225.0,292100.0,321700.0,107058.0,24171.0,37690.0,110.0,180.0,439784.0,7.764,7.7537,90.0,160.0,125.0,1.0
141,2016-10-10,6.71,967692.0,1097852.0,37660.0,37670.0,37430.0,37650.0,1.27723,210.0,230.0,55.0,65.0,-19.25,-47.0,37550.0,37540.0,4786.0,350675.0,278625.0,315142.0,121439.0,23345.0,37550.0,120.0,200.0,433864.0,7.7706,7.7685,130.0,180.0,155.0,0.0
142,2016-10-11,6.75,967692.0,1097852.0,37670.0,38180.0,37660.0,38160.0,1.25714,190.0,210.0,55.0,65.0,-20.5,-48.25,38010.0,37980.0,4801.5,349350.0,268725.0,315381.0,121439.0,22636.0,38000.0,80.0,180.0,468044.0,7.9248,7.9269,120.0,180.0,150.0,1.0
143,2016-10-12,6.76,967692.0,1097852.0,38060.0,38080.0,37760.0,37950.0,1.40412,170.0,210.0,60.0,70.0,-22.75,-47.75,37940.0,37920.0,4805.0,347850.0,262250.0,314865.0,121439.0,23761.0,37920.0,70.0,180.0,464966.0,7.8803,7.8865,90.0,170.0,130.0,1.0
144,2016-10-13,6.77,967692.0,1097852.0,37990.0,38150.0,37580.0,37630.0,1.35975,150.0,170.0,60.0,70.0,-20.5,-46.0,37860.0,37850.0,4754.5,346150.0,257500.0,320288.0,121439.0,23462.0,37860.0,50.0,160.0,466170.0,8.0047,7.9877,60.0,150.0,105.0,1.0
145,2016-10-14,6.77,967692.0,1097852.0,37210.0,37460.0,37110.0,37370.0,1.09485,130.0,150.0,60.0,70.0,-19.75,-45.75,37310.0,37480.0,4672.5,349075.0,251825.0,319536.0,121439.0,26511.0,37300.0,40.0,120.0,449142.0,8.0175,7.9919,60.0,120.0,90.0,1.0
147,2016-10-17,6.77,967692.0,1097852.0,37210.0,37400.0,37160.0,37320.0,1.18901,110.0,130.0,60.0,70.0,-21.5,-45.0,37280.0,37330.0,4671.5,345800.0,247475.0,314753.0,117634.0,28939.0,37260.0,40.0,120.0,455972.0,7.9778,7.982,60.0,100.0,80.0,0.0
148,2016-10-18,6.78,967692.0,1097852.0,37250.0,37410.0,37200.0,37400.0,1.11255,130.0,150.0,60.0,70.0,-21.25,-45.5,37350.0,37300.0,4665.5,348000.0,247600.0,305391.0,117634.0,29814.0,37290.0,50.0,140.0,442708.0,7.9919,7.9919,80.0,140.0,110.0,1.0
149,2016-10-19,6.79,967692.0,1097852.0,37310.0,37410.0,37150.0,37190.0,1.14694,150.0,170.0,60.0,70.0,-21.0,-43.25,37310.0,37260.0,4642.5,350625.0,248625.0,307669.0,117634.0,29814.0,37270.0,60.0,170.0,442046.0,7.9602,7.9623,100.0,160.0,130.0,1.0
150,2016-10-20,6.79,967692.0,1097852.0,37200.0,37440.0,36970.0,37310.0,1.1473,180.0,200.0,65.0,75.0,-19.5,-43.5,37330.0,37270.0,4633.5,348575.0,243850.0,306607.0,117634.0,29537.0,37240.0,100.0,160.0,442270.0,8.015,8.0236,130.0,170.0,150.0,1.0
151,2016-10-21,6.79,967692.0,1097852.0,37240.0,37270.0,37000.0,37180.0,1.2639,230.0,250.0,65.0,75.0,-20.75,-45.75,37180.0,37150.0,4637.0,346775.0,241925.0,306845.0,117634.0,25177.0,37130.0,150.0,220.0,443978.0,8.0224,8.0181,170.0,230.0,200.0,0.0
153,2016-10-24,6.81,967692.0,1097852.0,37110.0,37430.0,37100.0,37350.0,1.35149,260.0,280.0,70.0,80.0,-19.25,-38.75,37320.0,37320.0,4620.5,339950.0,237525.0,307645.0,102548.0,22702.0,37270.0,200.0,280.0,451524.0,8.0457,8.0435,230.0,280.0,255.0,0.0
154,2016-10-25,6.82,967692.0,1097852.0,37300.0,38170.0,37250.0,38010.0,1.46966,360.0,380.0,70.0,80.0,-12.75,-33.75,37760.0,37860.0,4720.0,338800.0,234825.0,309477.0,102548.0,21575.0,37780.0,250.0,360.0,475622.0,8.0321,8.0215,270.0,350.0,310.0,0.0
155,2016-10-26,6.83,967692.0,1097852.0,38110.0,38250.0,37700.0,37760.0,1.55303,240.0,260.0,80.0,90.0,-7.25,-29.75,37830.0,37920.0,4717.5,336225.0,223525.0,306440.0,102548.0,20772.0,37930.0,180.0,250.0,455338.0,7.9663,7.9642,170.0,240.0,205.0,1.0
156,2016-10-27,6.82,967692.0,1097852.0,37790.0,37960.0,37720.0,37820.0,1.64725,210.0,230.0,85.0,95.0,-8.5,-37.25,37780.0,37830.0,4774.0,331450.0,211025.0,309726.0,102548.0,19994.0,37820.0,100.0,200.0,452920.0,7.9002,7.894,130.0,190.0,160.0,0.0
157,2016-10-28,6.83,967692.0,1097852.0,38020.0,38340.0,37950.0,38270.0,1.70915,160.0,180.0,85.0,95.0,-11.5,-38.0,38130.0,38190.0,4787.0,326400.0,192975.0,313844.0,102548.0,19392.0,38130.0,90.0,150.0,460326.0,7.9029,7.9029,80.0,140.0,110.0,0.0
159,2016-10-31,6.83,926512.0,902188.0,38390.0,38630.0,38280.0,38390.0,1.781,130.0,150.0,85.0,95.0,-12.0,-38.75,38430.0,38420.0,4827.5,320825.0,186825.0,313442.0,97839.0,18150.0,38420.0,60.0,120.0,461182.0,7.8822,7.8822,60.0,130.0,95.0,0.0
160,2016-11-01,6.82,926512.0,902188.0,38500.0,38890.0,38390.0,38740.0,1.9036,160.0,180.0,90.0,100.0,-12.25,-41.5,38650.0,38680.0,4862.5,319475.0,184900.0,318912.0,97839.0,22871.0,38660.0,50.0,150.0,482346.0,7.9122,7.9061,90.0,160.0,125.0,0.0
161,2016-11-02,6.82,926512.0,902188.0,38780.0,39180.0,38540.0,38580.0,2.24026,170.0,190.0,90.0,100.0,-13.75,-40.75,38800.0,38740.0,4871.0,319000.0,173025.0,322314.0,97839.0,22871.0,38820.0,80.0,170.0,478118.0,7.8756,7.8695,120.0,170.0,145.0,1.0
162,2016-11-03,6.81,926512.0,902188.0,38730.0,39020.0,38620.0,38990.0,2.75887,180.0,200.0,90.0,100.0,-13.0,-32.5,38820.0,38810.0,4918.0,310600.0,166625.0,328160.0,97839.0,22620.0,38800.0,80.0,180.0,496132.0,7.8616,7.8656,130.0,170.0,150.0,0.0
163,2016-11-04,6.81,926512.0,902188.0,39100.0,39390.0,39000.0,39130.0,4.62871,180.0,200.0,90.0,100.0,-13.5,-31.25,39200.0,39130.0,4943.0,305000.0,162500.0,331091.0,97839.0,22620.0,39190.0,70.0,170.0,504194.0,7.8349,7.8409,120.0,170.0,145.0,0.0
165,2016-11-07,6.81,926512.0,902188.0,39230.0,40770.0,39150.0,40380.0,4.37364,160.0,180.0,90.0,100.0,-18.25,-34.0,39920.0,39880.0,5032.0,298400.0,165075.0,335512.0,112551.0,21818.0,39880.0,50.0,180.0,548218.0,7.9625,7.9724,100.0,150.0,125.0,0.0
166,2016-11-08,6.82,926512.0,902188.0,40180.0,40730.0,40070.0,40450.0,3.72283,80.0,100.0,90.0,100.0,-16.75,-31.5,40410.0,40360.0,5044.0,291625.0,163075.0,342234.0,112551.0,21818.0,40370.0,-50.0,80.0,556482.0,7.749,7.7394,30.0,80.0,55.0,0.0
167,2016-11-09,6.83,926512.0,902188.0,40400.0,42030.0,40340.0,41600.0,3.23505,50.0,70.0,90.0,100.0,-14.0,-23.5,41410.0,41470.0,5335.0,282600.0,169825.0,353361.0,112551.0,21619.0,41430.0,-40.0,80.0,560162.0,7.7161,7.7087,0.0,50.0,25.0,0.0
168,2016-11-10,6.82,926512.0,902188.0,42320.0,43910.0,42230.0,43910.0,3.00408,1030.0,1050.0,90.0,100.0,-13.5,-17.25,42960.0,43460.0,5619.0,274950.0,169825.0,364452.0,112551.0,21319.0,42970.0,1050.0,1200.0,552708.0,7.8342,7.8271,650.0,1100.0,875.0,0.0
169,2016-11-11,6.84,926512.0,902188.0,45000.0,46830.0,44430.0,46700.0,1.92799,40.0,60.0,90.0,100.0,-8.25,-5.25,45280.0,45390.0,5900.0,270850.0,171200.0,366968.0,112551.0,21319.0,45330.0,-50.0,80.0,552572.0,8.3966,8.343,-40.0,50.0,5.0,0.0
171,2016-11-14,6.84,926512.0,902188.0,47200.0,48040.0,43700.0,45520.0,0.868207,150.0,170.0,90.0,100.0,-6.5,-7.0,45780.0,45770.0,5620.0,266150.0,174050.0,366843.0,134538.0,23023.0,45630.0,-80.0,150.0,537450.0,8.2013,8.1834,-180.0,-50.0,-115.0,1.0
172,2016-11-15,6.88,926512.0,902188.0,45500.0,46160.0,43060.0,43670.0,0.682065,70.0,90.0,90.0,100.0,5.0,-10.0,44870.0,45360.0,5448.0,262050.0,174425.0,354390.0,134538.0,27575.0,44940.0,-20.0,80.0,530572.0,7.9057,7.977,-60.0,60.0,0.0,1.0
173,2016-11-16,6.91,926512.0,902188.0,43670.0,44650.0,43560.0,44580.0,0.713106,20.0,40.0,90.0,100.0,-8.5,-14.5,44110.0,44190.0,5459.0,255600.0,173825.0,354840.0,134538.0,29472.0,44170.0,-50.0,20.0,531838.0,8.2342,8.2324,-50.0,10.0,-20.0,1.0
174,2016-11-17,6.91,926512.0,902188.0,44270.0,44410.0,43400.0,43670.0,0.707723,0.0,20.0,90.0,100.0,-10.25,-19.25,43890.0,43810.0,5426.0,257875.0,186350.0,357495.0,134538.0,29447.0,43890.0,-100.0,-10.0,513626.0,7.9552,7.9625,-100.0,-30.0,-65.0,0.0
175,2016-11-18,6.92,926512.0,902188.0,43830.0,44580.0,43720.0,44210.0,0.726514,-70.0,-50.0,90.0,100.0,-11.0,-18.5,44120.0,44040.0,5446.0,253700.0,180425.0,358139.0,134538.0,29398.0,44180.0,-150.0,-80.0,517266.0,8.1593,8.1796,-140.0,-80.0,-110.0,0.0
177,2016-11-21,6.94,926512.0,902188.0,44430.0,45410.0,43610.0,45120.0,0.703256,-70.0,-50.0,90.0,100.0,-15.5,-21.0,44630.0,44590.0,5535.5,247075.0,174975.0,358369.0,144063.0,29398.0,44500.0,-160.0,-80.0,544634.0,8.106,8.1203,-140.0,-90.0,-115.0,0.0
178,2016-11-22,6.95,926512.0,902188.0,45190.0,46320.0,44710.0,46210.0,0.689924,-90.0,-70.0,90.0,100.0,-16.0,-18.5,45830.0,45690.0,5618.0,242275.0,170450.0,356600.0,144063.0,29148.0,45610.0,-180.0,-90.0,555764.0,8.2217,8.252,-150.0,-100.0,-125.0,0.0
179,2016-11-23,6.94,926512.0,902188.0,45900.0,46120.0,45400.0,45760.0,0.685172,-60.0,-40.0,85.0,95.0,-15.5,-8.0,45890.0,45720.0,5564.0,239400.0,165750.0,355988.0,144063.0,28948.0,45760.0,-160.0,-60.0,555178.0,7.9885,8.0059,-100.0,-60.0,-80.0,0.0
180,2016-11-24,6.94,926512.0,902188.0,45560.0,48500.0,45460.0,48210.0,0.689348,-80.0,-60.0,85.0,95.0,-14.5,4.0,47560.0,47560.0,5834.5,235875.0,160525.0,366041.0,144063.0,35350.0,47310.0,-150.0,-80.0,555764.0,8.1701,8.2023,-160.0,-90.0,-125.0,0.0
181,2016-11-25,6.97,926512.0,902188.0,47930.0,48900.0,47400.0,48100.0,0.695057,-100.0,-80.0,85.0,95.0,-14.5,0.0,48330.0,48030.0,5822.5,237200.0,159550.0,365554.0,144063.0,35698.0,48260.0,-190.0,-80.0,550096.0,8.1895,8.2099,-140.0,-110.0,-125.0,0.0
183,2016-11-28,6.96,926512.0,902188.0,48120.0,49840.0,47850.0,49580.0,0.707765,-100.0,-80.0,85.0,95.0,-15.25,7.0,48880.0,48670.0,5935.5,234250.0,154375.0,361544.0,135363.0,35673.0,48820.0,-180.0,-100.0,596476.0,8.2828,8.3552,-160.0,-110.0,-135.0,1.0
184,2016-11-29,6.96,926512.0,902188.0,49300.0,49400.0,46590.0,46750.0,0.702546,-100.0,-80.0,80.0,90.0,-15.0,-1.25,48040.0,47520.0,5778.0,235475.0,152650.0,361192.0,135363.0,36172.0,47950.0,-170.0,-80.0,547904.0,8.1389,8.1581,-140.0,-90.0,-115.0,1.0
185,2016-11-30,6.95,997230.0,977666.0,47030.0,47240.0,45110.0,46100.0,0.669164,-70.0,-50.0,80.0,90.0,-11.75,6.5,46340.0,46060.0,5740.0,234825.0,144225.0,366150.0,135363.0,36372.0,46220.0,-170.0,-70.0,536542.0,7.9052,7.9744,-110.0,-50.0,-80.0,0.0
186,2016-12-01,6.94,997230.0,977666.0,46390.0,47570.0,46140.0,47060.0,0.659968,10.0,30.0,80.0,90.0,-3.0,13.0,47060.0,46850.0,5773.0,236675.0,142525.0,365735.0,135363.0,37456.0,46990.0,-100.0,0.0,537352.0,8.0862,8.1103,-60.0,0.0,-30.0,1.0
187,2016-12-02,6.95,997230.0,977666.0,46930.0,47180.0,46150.0,46630.0,0.652586,-10.0,10.0,80.0,90.0,-2.0,16.5,46670.0,46290.0,5736.0,234025.0,137675.0,366272.0,135363.0,37580.0,46650.0,-130.0,-10.0,524434.0,8.0364,8.0745,-70.0,-10.0,-40.0,0.0
189,2016-12-05,6.95,997230.0,977666.0,46420.0,47630.0,46200.0,47360.0,0.650535,0.0,20.0,80.0,90.0,-5.0,17.25,47030.0,46890.0,5851.5,233025.0,136675.0,364966.0,131950.0,37880.0,46910.0,-150.0,0.0,547682.0,7.9076,7.9563,-80.0,0.0,-40.0,0.0
190,2016-12-06,6.95,997230.0,977666.0,47420.0,48480.0,47400.0,47690.0,0.69183,10.0,30.0,80.0,90.0,-8.25,13.75,48010.0,47510.0,5856.0,229500.0,128475.0,366862.0,131950.0,38280.0,47950.0,-200.0,20.0,550710.0,8.0315,8.0858,-60.0,10.0,-25.0,1.0
191,2016-12-07,6.93,997230.0,977666.0,47460.0,48500.0,47330.0,48350.0,0.777007,40.0,60.0,80.0,90.0,-5.75,3.75,48010.0,47590.0,5903.5,225925.0,117225.0,368693.0,131950.0,39481.0,47930.0,-170.0,40.0,582720.0,8.2662,8.3247,-30.0,40.0,5.0,1.0
192,2016-12-08,6.96,997230.0,977666.0,48260.0,48470.0,46910.0,47210.0,0.910122,50.0,70.0,80.0,90.0,-0.75,6.5,47640.0,46980.0,5838.0,221125.0,109675.0,369427.0,131950.0,39481.0,47530.0,-150.0,50.0,555444.0,8.1242,8.1692,-20.0,60.0,20.0,1.0
193,2016-12-09,6.94,997230.0,977666.0,47360.0,47770.0,46480.0,47390.0,0.859792,60.0,80.0,80.0,90.0,-4.0,8.25,47210.0,46840.0,5834.0,213325.0,108850.0,373225.0,131950.0,39278.0,47100.0,-100.0,60.0,544174.0,8.0712,8.1071,-20.0,50.0,15.0,0.0
195,2016-12-12,6.93,997230.0,977666.0,47530.0,48270.0,47150.0,47230.0,1.16984,60.0,100.0,80.0,90.0,-17.0,-4.25,47810.0,47420.0,5757.0,241550.0,140175.0,374344.0,144026.0,41586.0,47700.0,-100.0,80.0,540390.0,8.1249,8.1734,20.0,80.0,50.0,1.0
196,2016-12-13,6.99,997230.0,977666.0,47060.0,47300.0,46620.0,46920.0,1.71518,90.0,110.0,80.0,90.0,-12.5,-1.75,47030.0,46580.0,5765.5,258175.0,160375.0,378509.0,144026.0,41586.0,46930.0,-60.0,110.0,526256.0,8.2069,8.2562,20.0,120.0,70.0,1.0
197,2016-12-14,6.97,997230.0,977666.0,47270.0,47300.0,46000.0,46490.0,1.71912,100.0,180.0,80.0,90.0,-6.25,5.75,46670.0,46180.0,5735.0,278125.0,182850.0,376377.0,144026.0,44493.0,46540.0,50.0,150.0,518134.0,8.0846,8.1248,20.0,150.0,85.0,0.0
198,2016-12-15,6.98,997230.0,977666.0,46780.0,47130.0,46140.0,46790.0,1.48805,-100.0,-40.0,80.0,90.0,-8.5,9.75,46780.0,46500.0,5682.5,295300.0,202800.0,373828.0,144026.0,43360.0,46680.0,-200.0,-50.0,511470.0,8.0867,8.1459,20.0,160.0,90.0,1.0
199,2016-12-16,6.98,997230.0,977666.0,46400.0,47160.0,46220.0,46460.0,1.11662,-140.0,-80.0,80.0,90.0,-5.75,5.0,46960.0,46570.0,5649.0,307075.0,204200.0,372217.0,144026.0,43548.0,46640.0,-250.0,-70.0,494546.0,8.2005,8.2483,-240.0,-80.0,-160.0,1.0
201,2016-12-19,7.03,997230.0,977666.0,46180.0,46590.0,45580.0,45630.0,1.1459,-170.0,-90.0,80.0,90.0,-9.5,-4.0,46260.0,45880.0,5561.0,345475.0,236000.0,367005.0,134377.0,43348.0,46090.0,-280.0,-100.0,493534.0,8.2498,8.2879,-270.0,-120.0,-195.0,1.0
202,2016-12-20,7.03,997230.0,977666.0,45580.0,45580.0,44480.0,44890.0,1.16638,-180.0,-100.0,75.0,85.0,-13.5,-2.25,45180.0,44860.0,5485.5,344025.0,224925.0,357480.0,134377.0,44551.0,44970.0,-350.0,-150.0,490316.0,8.1315,8.175,-280.0,-150.0,-215.0,0.0
203,2016-12-21,7.03,997230.0,977666.0,44950.0,45420.0,44800.0,45330.0,1.14891,-180.0,-120.0,75.0,85.0,-14.25,-1.0,45410.0,45110.0,5498.5,339625.0,217500.0,352153.0,134377.0,46145.0,45140.0,-280.0,-100.0,494108.0,8.2126,8.2562,-250.0,-130.0,-190.0,1.0
204,2016-12-22,7.03,997230.0,977666.0,45180.0,45330.0,44370.0,44430.0,1.21881,-140.0,-80.0,75.0,85.0,-14.0,-3.5,45080.0,44690.0,5426.0,335800.0,217350.0,352829.0,134377.0,45110.0,44810.0,-250.0,-50.0,508592.0,8.0449,8.0667,-200.0,-70.0,-135.0,1.0
205,2016-12-23,7.03,997230.0,977666.0,44410.0,45200.0,44130.0,45070.0,1.18593,-120.0,-100.0,75.0,85.0,-13.25,-4.75,44990.0,44750.0,5482.0,334525.0,216800.0,350471.0,134377.0,44558.0,44800.0,-250.0,-100.0,508656.0,8.2044,8.2573,-220.0,-120.0,-170.0,0.0
209,2016-12-28,7.03,997230.0,977666.0,44640.0,46020.0,44640.0,45620.0,1.32984,-170.0,-130.0,75.0,85.0,-13.25,-2.5,45660.0,45430.0,5486.0,331100.0,211675.0,346425.0,146598.0,45401.0,45530.0,-350.0,-180.0,498512.0,8.2483,8.281,-300.0,-180.0,-240.0,0.0
210,2016-12-29,7.04,997230.0,977666.0,45450.0,45970.0,45160.0,45810.0,1.44814,-180.0,-160.0,75.0,85.0,-17.0,-6.25,45680.0,45320.0,5514.0,328350.0,212300.0,345141.0,146598.0,45901.0,45570.0,-300.0,-180.0,497916.0,8.3128,8.3511,-250.0,-170.0,-210.0,1.0
211,2016-12-30,7.04,997230.0,977666.0,45650.0,45760.0,45070.0,45500.0,1.51351,-170.0,-150.0,75.0,85.0,-12.5,-3.0,45570.0,45210.0,5501.0,322225.0,197000.0,342526.0,146598.0,46301.0,45430.0,-230.0,-100.0,480826.0,8.1515,8.2056,-250.0,-160.0,-205.0,0.0
215,2017-01-03,7.04,1115438.0,1121282.0,45630.0,46290.0,45630.0,45760.0,1.56101,-80.0,-60.0,75.0,85.0,-13.5,-3.75,46190.0,45780.0,5574.0,311825.0,197000.0,347443.0,171561.0,46601.0,46040.0,-110.0,-50.0,482612.0,8.2681,8.3245,-180.0,-80.0,-130.0,1.0
216,2017-01-04,7.04,1115438.0,1121282.0,45910.0,45980.0,44810.0,45520.0,1.55857,-80.0,-60.0,75.0,85.0,-15.0,-6.0,45460.0,45000.0,5500.5,305875.0,196900.0,346155.0,171561.0,46799.0,45360.0,-140.0,-40.0,484042.0,8.0573,8.1018,-150.0,-70.0,-110.0,0.0
217,2017-01-05,7.04,1115438.0,1121282.0,45400.0,46170.0,45360.0,45760.0,1.61473,-80.0,-40.0,75.0,85.0,-19.5,-14.0,45990.0,45560.0,5611.0,301775.0,199650.0,345913.0,171561.0,47301.0,45850.0,-110.0,-20.0,492824.0,8.094,8.1438,-130.0,-40.0,-85.0,1.0
218,2017-01-06,7.01,1115438.0,1121282.0,45720.0,45770.0,45090.0,45350.0,1.55566,-60.0,0.0,70.0,80.0,-20.75,-15.5,45530.0,45160.0,5546.5,295125.0,199650.0,347430.0,171561.0,49092.0,45430.0,-80.0,10.0,482652.0,8.1126,8.1594,-120.0,-20.0,-70.0,0.0
221,2017-01-09,7.01,1115438.0,1121282.0,45260.0,45770.0,45090.0,45730.0,1.29488,20.0,60.0,70.0,80.0,-21.0,-16.5,45600.0,45330.0,5551.5,294900.0,202850.0,345793.0,170797.0,48992.0,45470.0,-30.0,60.0,482970.0,8.1347,8.1902,-20.0,50.0,15.0,0.0
222,2017-01-10,7.01,1115438.0,1121282.0,45530.0,46270.0,45350.0,46110.0,1.20042,30.0,70.0,70.0,80.0,-22.0,-14.5,45930.0,45530.0,5642.0,293400.0,205125.0,347655.0,170797.0,49689.0,45780.0,0.0,60.0,493666.0,7.9795,8.0143,-10.0,60.0,25.0,0.0
223,2017-01-11,7.01,1115438.0,1121282.0,46340.0,47260.0,46340.0,47160.0,1.07289,40.0,80.0,70.0,80.0,-24.25,-21.25,47040.0,46660.0,5709.5,288225.0,203225.0,347022.0,170797.0,49489.0,46950.0,0.0,90.0,504168.0,8.1495,8.1982,-10.0,80.0,35.0,0.0
224,2017-01-12,7.01,1115438.0,1121282.0,46950.0,47200.0,46750.0,46980.0,1.22445,30.0,70.0,70.0,80.0,-28.25,-29.0,47100.0,46690.0,5752.5,285700.0,205500.0,345188.0,170797.0,56089.0,46990.0,0.0,80.0,493754.0,8.0027,8.0473,-60.0,60.0,0.0,0.0
225,2017-01-13,6.97,1115438.0,1121282.0,47110.0,47810.0,47110.0,47400.0,1.2781,-30.0,10.0,70.0,80.0,-25.25,-24.0,47600.0,47240.0,5797.0,281700.0,204375.0,350739.0,170797.0,56338.0,47500.0,-40.0,20.0,489208.0,7.9844,8.0353,-100.0,0.0,-50.0,0.0
228,2017-01-16,6.97,1115438.0,1121282.0,47420.0,48390.0,47230.0,47950.0,1.41901,-260.0,-200.0,70.0,80.0,-21.5,-21.0,48010.0,47590.0,5857.0,279000.0,200925.0,349291.0,172979.0,60338.0,47900.0,30.0,130.0,500390.0,8.0939,8.1568,-50.0,110.0,30.0,1.0
229,2017-01-17,6.97,1115438.0,1121282.0,47880.0,48060.0,46540.0,46780.0,1.35787,-120.0,-100.0,70.0,80.0,-22.75,-24.0,47460.0,47040.0,5771.5,277375.0,201675.0,338718.0,172979.0,64741.0,47320.0,-200.0,-80.0,470532.0,8.0169,8.0633,-220.0,-100.0,-160.0,1.0
230,2017-01-18,6.94,1115438.0,1121282.0,46850.0,47060.0,45930.0,46600.0,1.39608,-70.0,-10.0,70.0,80.0,-28.5,-25.5,46700.0,46350.0,5721.0,276050.0,201875.0,333619.0,172979.0,64741.0,46550.0,-120.0,-30.0,455398.0,8.0828,8.1228,-150.0,-50.0,-100.0,0.0
231,2017-01-19,6.92,1115438.0,1121282.0,46500.0,46880.0,46290.0,46730.0,1.4144,-80.0,-20.0,70.0,80.0,-26.0,-25.0,46860.0,46530.0,5710.0,274100.0,201525.0,331812.0,172979.0,64640.0,46610.0,-100.0,30.0,454514.0,8.132,8.1791,-150.0,-40.0,-95.0,1.0
232,2017-01-20,6.92,1115438.0,1121282.0,46570.0,46730.0,46000.0,46080.0,1.31555,-110.0,-10.0,70.0,80.0,-18.0,-22.0,46590.0,46340.0,5706.0,275400.0,203250.0,330682.0,172979.0,64540.0,46420.0,-50.0,50.0,434922.0,7.9283,7.9576,-150.0,-40.0,-95.0,0.0
235,2017-01-23,6.92,1115438.0,1121282.0,46270.0,47280.0,46140.0,46850.0,1.31002,-80.0,-40.0,70.0,80.0,-21.5,-25.25,47010.0,46780.0,5775.0,274650.0,199850.0,330513.0,212925.0,64438.0,46790.0,-80.0,-20.0,438680.0,8.0534,8.0896,-150.0,-50.0,-100.0,0.0
236,2017-01-24,6.9,1115438.0,1121282.0,46810.0,47210.0,46500.0,47070.0,1.27228,-120.0,-80.0,70.0,80.0,-17.0,-22.0,47100.0,46810.0,5879.0,272150.0,191625.0,329173.0,212925.0,69500.0,46870.0,-120.0,-70.0,439608.0,7.917,7.9609,-220.0,-120.0,-170.0,0.0
237,2017-01-25,6.91,1115438.0,1121282.0,47480.0,47880.0,47370.0,47650.0,1.25597,-170.0,-70.0,70.0,80.0,-19.75,-24.0,47850.0,47480.0,5867.0,271025.0,190450.0,329119.0,212925.0,75921.0,47610.0,-150.0,-100.0,447972.0,8.0017,8.0505,-300.0,-120.0,-210.0,0.0
238,2017-01-26,6.94,1115438.0,1121282.0,47460.0,48210.0,47450.0,48040.0,1.23365,-160.0,-100.0,70.0,80.0,-19.0,-23.5,48040.0,47660.0,5890.0,268975.0,186925.0,328493.0,212925.0,77124.0,47820.0,-150.0,-100.0,444618.0,8.0856,8.1364,-220.0,-120.0,-170.0,1.0
240,2017-02-03,6.94,1115438.0,889759.0,47700.0,47710.0,46520.0,46780.0,1.33861,-30.0,10.0,70.0,80.0,-8.25,-22.5,47120.0,46720.0,5836.0,257150.0,152550.0,324449.0,223853.0,77124.0,46920.0,-150.0,-100.0,445440.0,8.0303,8.0734,-100.0,0.0,-50.0,1.0
243,2017-02-06,6.92,1115438.0,889759.0,46810.0,46980.0,46300.0,46600.0,1.27781,-50.0,-10.0,70.0,80.0,-10.25,-25.0,46870.0,46480.0,5786.0,253725.0,147350.0,324214.0,277659.0,79422.0,46600.0,-80.0,20.0,454924.0,7.9698,8.0161,-120.0,-10.0,-65.0,0.0
244,2017-02-07,6.91,1115438.0,889759.0,46620.0,47060.0,46560.0,46850.0,1.27114,-90.0,-30.0,70.0,80.0,-15.5,-31.25,47060.0,46690.0,5802.0,253450.0,144925.0,321913.0,277659.0,81919.0,46810.0,-100.0,0.0,458328.0,8.0272,8.0822,-140.0,-30.0,-85.0,0.0
245,2017-02-08,6.92,1115438.0,889759.0,46800.0,47690.0,46530.0,47660.0,1.34711,-110.0,-50.0,70.0,80.0,-17.0,-24.25,47480.0,47150.0,5865.0,254725.0,143825.0,313607.0,277659.0,88511.0,47170.0,-120.0,-40.0,477636.0,8.0417,8.1027,-200.0,-60.0,-130.0,0.0
246,2017-02-09,6.93,1115438.0,889759.0,47710.0,47950.0,47370.0,47590.0,1.5894,-110.0,-70.0,70.0,80.0,-13.25,-21.25,47800.0,47250.0,5863.0,251525.0,140325.0,313142.0,277659.0,97415.0,47680.0,-150.0,-30.0,483040.0,8.0837,8.1609,-170.0,-60.0,-115.0,1.0
247,2017-02-10,6.92,1115438.0,889759.0,47620.0,48050.0,47120.0,47820.0,2.02134,-20.0,20.0,70.0,80.0,-7.5,-7.5,47720.0,47010.0,5872.0,248200.0,137850.0,316306.0,277659.0,99588.0,47570.0,-60.0,20.0,511222.0,7.7936,7.871,-70.0,0.0,-35.0,0.0
250,2017-02-14,6.94,1115438.0,889759.0,49820.0,50250.0,49660.0,50110.0,2.17044,-250.0,-150.0,70.0,80.0,-16.75,-19.0,50100.0,49400.0,6145.0,243350.0,138325.0,316122.0,295730.0,125611.0,49940.0,-20.0,110.0,613308.0,8.2414,8.3212,-50.0,80.0,15.0,1.0
251,2017-02-15,6.93,1115438.0,889759.0,50090.0,50290.0,48290.0,48740.0,2.2066,-140.0,-40.0,70.0,80.0,-19.0,-16.0,49300.0,48490.0,6016.0,235825.0,128775.0,315722.0,295730.0,132201.0,49120.0,140.0,270.0,564448.0,7.9789,8.0515,50.0,250.0,150.0,1.0
252,2017-02-16,6.92,1115438.0,889759.0,48740.0,49380.0,48510.0,48680.0,1.27838,-150.0,-50.0,70.0,80.0,-17.0,-14.25,49220.0,48780.0,6015.0,236725.0,130225.0,318338.0,295730.0,136074.0,48970.0,-200.0,-30.0,546370.0,8.0859,8.1525,-220.0,-50.0,-135.0,1.0
253,2017-02-17,6.91,1115438.0,889759.0,48600.0,48960.0,48170.0,48360.0,1.28485,-160.0,-60.0,70.0,80.0,-15.0,-10.25,48920.0,48400.0,5939.0,229075.0,126075.0,316500.0,295730.0,135896.0,48600.0,-200.0,-30.0,542464.0,8.0886,8.1439,-250.0,-70.0,-160.0,1.0
255,2017-02-20,6.9,1115438.0,889759.0,48280.0,48850.0,47950.0,48770.0,1.26248,-170.0,-70.0,70.0,80.0,-11.75,-11.75,48790.0,48280.0,6002.0,224025.0,126075.0,315194.0,289899.0,135596.0,48420.0,-230.0,-60.0,546626.0,7.9967,8.0659,-250.0,-80.0,-165.0,0.0
256,2017-02-21,6.92,1115438.0,889759.0,48870.0,49350.0,48750.0,48920.0,1.32433,-180.0,-100.0,70.0,80.0,-14.5,-14.25,49370.0,48850.0,6034.0,221425.0,126075.0,314244.0,289899.0,133320.0,49050.0,-250.0,-80.0,544616.0,8.0062,8.0737,-300.0,-110.0,-205.0,1.0
257,2017-02-22,6.93,1115438.0,889759.0,48990.0,49210.0,48500.0,48660.0,1.4065,-200.0,-120.0,70.0,80.0,-14.25,-16.75,49180.0,48630.0,5976.0,219425.0,126200.0,312280.0,289899.0,135470.0,48900.0,-250.0,-120.0,543932.0,8.0295,8.0908,-280.0,-130.0,-205.0,1.0
258,2017-02-23,6.94,1115438.0,889759.0,48530.0,48990.0,48160.0,48390.0,1.46298,-200.0,-120.0,70.0,80.0,-14.25,-20.0,48880.0,48320.0,5991.0,214025.0,125900.0,315658.0,289899.0,135945.0,48570.0,-230.0,-80.0,540832.0,8.1549,8.2192,-260.0,-100.0,-180.0,1.0
259,2017-02-24,6.93,1115438.0,889759.0,48640.0,48700.0,47100.0,47760.0,1.42679,-140.0,-60.0,70.0,80.0,-13.0,-19.5,48050.0,47460.0,5881.0,210800.0,125950.0,314657.0,289899.0,137695.0,47760.0,-180.0,-60.0,527974.0,8.002,8.0609,-220.0,-70.0,-145.0,0.0
261,2017-02-27,6.93,1115438.0,889759.0,47700.0,48310.0,47400.0,47730.0,1.40441,-180.0,-100.0,70.0,80.0,-10.0,-17.0,48230.0,47700.0,5927.0,206875.0,96225.0,311414.0,313873.0,140360.0,47870.0,-220.0,-80.0,518148.0,8.0165,8.0823,-260.0,-100.0,-180.0,1.0
262,2017-02-28,6.93,1115438.0,621047.0,47910.0,48090.0,47440.0,47740.0,1.26403,-180.0,-100.0,70.0,80.0,-6.5,-13.5,48170.0,47640.0,5936.0,203100.0,95725.0,311570.0,313873.0,143212.0,47830.0,-220.0,-100.0,520720.0,7.9478,8.0214,-260.0,-130.0,-195.0,0.0
263,2017-03-01,6.93,1115438.0,621047.0,47880.0,48800.0,47690.0,48650.0,1.2531,-200.0,-120.0,70.0,80.0,-13.0,-12.0,48710.0,48150.0,6040.0,200725.0,95975.0,316918.0,313873.0,145964.0,48310.0,-240.0,-100.0,527792.0,8.0532,8.1214,-290.0,-140.0,-215.0,0.0
264,2017-03-02,6.93,1115438.0,621047.0,48780.0,49100.0,48330.0,48690.0,1.33349,-200.0,-120.0,70.0,80.0,-12.0,-17.0,49070.0,48430.0,5994.0,200000.0,95775.0,318444.0,313873.0,151205.0,48710.0,-250.0,-120.0,535318.0,8.1453,8.2226,-270.0,-140.0,-205.0,1.0
265,2017-03-03,6.94,1115438.0,621047.0,48450.0,48470.0,47860.0,48280.0,1.44127,-150.0,-70.0,70.0,80.0,-11.25,-17.75,48520.0,47860.0,5910.0,196425.0,88750.0,318405.0,313873.0,155381.0,48150.0,-220.0,-80.0,534614.0,8.1138,8.1864,-210.0,-100.0,-155.0,1.0
267,2017-03-06,6.95,1115438.0,621047.0,48130.0,48440.0,47710.0,47890.0,1.45437,-140.0,-60.0,70.0,80.0,-14.25,-23.75,48540.0,47900.0,5856.0,235250.0,125000.0,319900.0,326732.0,160607.0,48150.0,-180.0,-60.0,546892.0,8.1497,8.2232,-180.0,-60.0,-120.0,1.0
268,2017-03-07,6.95,1115438.0,621047.0,47750.0,47790.0,47380.0,47720.0,1.35528,-70.0,10.0,70.0,80.0,-18.25,-29.75,48030.0,47430.0,5807.0,261975.0,154075.0,320666.0,326732.0,164712.0,47640.0,-120.0,0.0,547820.0,8.2482,8.3176,-140.0,-20.0,-80.0,1.0
269,2017-03-08,6.95,1115438.0,621047.0,47610.0,47840.0,47100.0,47300.0,1.43118,-30.0,70.0,70.0,80.0,-18.25,-26.25,47570.0,46990.0,5782.0,288525.0,165025.0,321865.0,326732.0,166808.0,47410.0,-80.0,70.0,542600.0,8.1215,8.1891,-90.0,40.0,-25.0,1.0
270,2017-03-09,6.95,1115438.0,621047.0,47400.0,47590.0,46480.0,46570.0,1.75021,-20.0,80.0,70.0,80.0,-17.5,-31.5,47040.0,46480.0,5655.0,327300.0,194825.0,324527.0,326732.0,165887.0,46970.0,20.0,80.0,545756.0,8.1331,8.1982,-50.0,60.0,5.0,1.0
271,2017-03-10,6.97,1115438.0,621047.0,46300.0,46830.0,46140.0,46650.0,1.63018,-10.0,90.0,70.0,80.0,-15.75,-26.75,46730.0,46220.0,5714.5,325500.0,186075.0,325060.0,326732.0,166556.0,46560.0,-50.0,70.0,545504.0,8.12,8.1813,-60.0,50.0,-5.0,0.0
273,2017-03-13,6.97,1115438.0,621047.0,46800.0,47560.0,46530.0,47560.0,1.31894,-10.0,90.0,70.0,80.0,-19.5,-26.75,47180.0,46690.0,5794.0,331200.0,182900.0,323319.0,325278.0,171434.0,47020.0,-40.0,70.0,543342.0,8.1132,8.2064,-70.0,60.0,-5.0,0.0
274,2017-03-14,6.96,1115438.0,621047.0,47500.0,47580.0,47190.0,47360.0,1.06584,10.0,110.0,70.0,80.0,-21.75,-26.5,47500.0,46840.0,5747.0,332050.0,184850.0,321139.0,325278.0,175783.0,47360.0,-20.0,130.0,541456.0,8.0229,8.1103,-30.0,100.0,35.0,0.0
275,2017-03-15,6.96,1115438.0,621047.0,47150.0,47800.0,46820.0,47670.0,0.93074,-220.0,-120.0,70.0,80.0,-21.0,-21.0,47580.0,47020.0,5850.0,340525.0,179825.0,321436.0,325278.0,178090.0,47440.0,50.0,180.0,545990.0,8.0621,8.139,0.0,140.0,70.0,0.0
276,2017-03-16,6.96,1115438.0,621047.0,47900.0,48250.0,47710.0,48160.0,1.21617,-200.0,-140.0,70.0,80.0,-18.75,-19.25,48310.0,47770.0,5911.0,339025.0,179825.0,321028.0,325278.0,178563.0,47980.0,-240.0,-140.0,519770.0,8.111,8.177,-270.0,-160.0,-215.0,1.0
277,2017-03-17,6.94,1115438.0,621047.0,48270.0,48300.0,47660.0,47740.0,1.24568,-190.0,-130.0,70.0,80.0,-18.5,-16.75,48220.0,47690.0,5889.0,337600.0,179825.0,320424.0,325278.0,177738.0,47940.0,-220.0,-120.0,517094.0,8.0213,8.0854,-250.0,-130.0,-190.0,0.0
279,2017-03-20,6.95,1115438.0,621047.0,47960.0,48280.0,47840.0,47980.0,1.24456,-180.0,-120.0,70.0,80.0,-25.0,-23.25,48320.0,47810.0,5891.0,332975.0,179225.0,321151.0,312584.0,176639.0,48060.0,-230.0,-120.0,518982.0,8.1227,8.1993,-230.0,-130.0,-180.0,1.0
280,2017-03-21,6.95,1115438.0,621047.0,47980.0,48400.0,47030.0,47290.0,1.2679,-160.0,-100.0,70.0,80.0,-28.5,-31.0,47790.0,47330.0,5765.5,329850.0,180325.0,318053.0,312584.0,175741.0,47660.0,-200.0,-80.0,515298.0,8.146,8.2048,-200.0,-100.0,-150.0,1.0
281,2017-03-22,6.95,1115438.0,621047.0,47150.0,47500.0,46420.0,46660.0,1.255,-120.0,-40.0,60.0,70.0,-28.0,-30.75,47070.0,46580.0,5712.0,323975.0,175075.0,318338.0,312584.0,173288.0,46880.0,-160.0,-60.0,529182.0,8.0218,8.0804,-180.0,-80.0,-130.0,0.0
282,2017-03-23,6.94,1115438.0,621047.0,46730.0,47340.0,46450.0,47120.0,1.26844,-120.0,-80.0,60.0,70.0,-27.5,-33.5,47240.0,46830.0,5790.5,317100.0,175000.0,321815.0,312584.0,168065.0,46960.0,-160.0,-70.0,528820.0,8.0753,8.1304,-190.0,-80.0,-135.0,0.0
283,2017-03-24,6.94,1115438.0,621047.0,47120.0,47330.0,46710.0,47100.0,1.36573,-120.0,-80.0,60.0,70.0,-27.0,-35.5,47350.0,46820.0,5782.5,312525.0,176825.0,321254.0,312584.0,168112.0,47010.0,-180.0,-100.0,529468.0,8.0977,8.1564,-200.0,-110.0,-155.0,1.0
285,2017-03-27,6.94,1115438.0,621047.0,47040.0,47240.0,46050.0,46260.0,1.45809,-110.0,-70.0,60.0,70.0,-23.5,-36.0,46740.0,46230.0,5673.5,311375.0,182625.0,321644.0,307376.0,164468.0,46540.0,-180.0,-100.0,546726.0,8.0066,8.0622,-190.0,-120.0,-155.0,1.0
286,2017-03-28,6.92,1115438.0,621047.0,46100.0,47020.0,45600.0,46740.0,1.51775,-140.0,-100.0,60.0,70.0,-23.75,-34.0,46610.0,46260.0,5774.5,309225.0,180650.0,322488.0,307376.0,161108.0,46330.0,-190.0,-100.0,534180.0,7.9245,7.9738,-200.0,-130.0,-165.0,0.0
287,2017-03-29,6.93,1115438.0,621047.0,46860.0,47690.0,46670.0,47530.0,1.5346,-130.0,-90.0,60.0,70.0,-23.0,-33.75,47610.0,47140.0,5847.0,304275.0,172100.0,326165.0,307376.0,158615.0,47260.0,-180.0,-120.0,533480.0,8.0047,8.0724,-180.0,-130.0,-155.0,0.0
288,2017-03-30,6.94,1115438.0,621047.0,47500.0,47810.0,47200.0,47460.0,1.41785,-140.0,-100.0,60.0,70.0,-18.0,-30.5,47770.0,47220.0,5860.0,297550.0,172100.0,329230.0,307376.0,157526.0,47480.0,-180.0,-100.0,527366.0,7.9368,7.9956,-180.0,-120.0,-150.0,0.0
289,2017-03-31,6.94,1056367.0,889979.0,47510.0,48390.0,47440.0,47750.0,1.27948,-130.0,-90.0,60.0,70.0,-21.5,-31.75,48080.0,47510.0,5849.0,291175.0,166575.0,331879.0,307376.0,157899.0,47830.0,-150.0,-60.0,527518.0,8.1418,8.2086,-150.0,-90.0,-120.0,1.0
292,2017-04-05,6.94,1056367.0,889979.0,47090.0,47650.0,46980.0,47420.0,1.22749,-40.0,20.0,60.0,70.0,-29.75,-37.25,47650.0,47150.0,5808.5,273570.0,163625.0,333331.0,314810.0,158942.0,47320.0,-70.0,0.0,526598.0,8.0129,8.0774,-100.0,-10.0,-55.0,0.0
293,2017-04-06,6.94,1056367.0,889979.0,47810.0,48300.0,47680.0,47810.0,1.17422,-20.0,40.0,60.0,70.0,-31.5,-41.25,48240.0,47640.0,5870.5,270550.0,165075.0,334174.0,314810.0,154499.0,47940.0,-50.0,20.0,546178.0,8.1277,8.1891,-70.0,0.0,-35.0,1.0
294,2017-04-07,6.95,1056367.0,889979.0,47900.0,48160.0,46930.0,47130.0,1.16656,0.0,40.0,60.0,70.0,-35.25,-46.25,47900.0,47400.0,5770.0,265325.0,163750.0,333982.0,314810.0,152344.0,47640.0,-30.0,30.0,561994.0,8.0414,8.1031,-40.0,20.0,-10.0,1.0
296,2017-04-10,6.95,1056367.0,889979.0,46820.0,47570.0,46650.0,47050.0,1.07613,40.0,60.0,60.0,70.0,-32.75,-51.0,47420.0,46960.0,5731.0,266575.0,169700.0,332083.0,271267.0,146402.0,47130.0,0.0,80.0,559466.0,8.1583,8.2088,0.0,50.0,25.0,1.0
297,2017-04-11,6.95,1056367.0,889979.0,47020.0,47090.0,46520.0,46580.0,1.03357,50.0,70.0,60.0,70.0,-27.25,-53.25,46990.0,46610.0,5746.0,259675.0,166050.0,333542.0,271267.0,143626.0,46750.0,0.0,50.0,580082.0,8.0537,8.0884,0.0,60.0,30.0,1.0
298,2017-04-12,6.95,1056367.0,889979.0,46800.0,47090.0,46150.0,46230.0,1.07455,40.0,80.0,60.0,70.0,-26.75,-52.5,46720.0,46420.0,5685.0,258825.0,168850.0,337001.0,271267.0,137646.0,46630.0,0.0,60.0,594020.0,8.1747,8.2085,0.0,50.0,25.0,1.0
299,2017-04-13,6.94,1056367.0,889979.0,46070.0,46550.0,45520.0,46480.0,0.977136,70.0,90.0,60.0,70.0,-32.0,-53.5,46210.0,45870.0,5655.0,257200.0,172750.0,337860.0,271267.0,133900.0,46040.0,10.0,60.0,585208.0,8.1276,8.168,10.0,50.0,30.0,0.0
303,2017-04-18,6.93,1056367.0,889979.0,46690.0,46920.0,45740.0,45850.0,1.13736,-20.0,0.0,60.0,70.0,-33.0,-47.5,46410.0,46170.0,5620.5,255425.0,163125.0,334025.0,240191.0,116693.0,46290.0,-80.0,0.0,597638.0,8.2072,8.2395,-60.0,-20.0,-40.0,1.0
304,2017-04-19,6.93,1056367.0,889979.0,45850.0,46100.0,45110.0,45840.0,1.10869,100.0,120.0,60.0,70.0,-32.75,-52.5,45850.0,45630.0,5600.5,267475.0,169725.0,329698.0,240191.0,114011.0,45630.0,40.0,100.0,600810.0,8.2498,8.2751,20.0,100.0,60.0,1.0
305,2017-04-20,6.93,1056367.0,889979.0,45760.0,46140.0,44800.0,45560.0,1.09633,180.0,200.0,60.0,70.0,-26.5,-54.75,45560.0,45380.0,5611.5,268450.0,159975.0,328681.0,240191.0,107586.0,45430.0,120.0,160.0,604058.0,8.0949,8.1038,100.0,170.0,135.0,0.0
306,2017-04-21,6.93,1056367.0,889979.0,45750.0,46120.0,45460.0,46030.0,1.05512,160.0,180.0,60.0,70.0,-29.0,-56.0,45910.0,45730.0,5601.0,268400.0,150950.0,324858.0,240191.0,103491.0,45770.0,100.0,160.0,596336.0,8.172,8.1898,70.0,140.0,105.0,1.0
308,2017-04-24,6.93,1056367.0,889979.0,45840.0,46060.0,45480.0,45910.0,1.01653,80.0,100.0,60.0,70.0,-30.5,-58.0,45910.0,45740.0,5612.0,264850.0,143175.0,326444.0,229361.0,100664.0,45760.0,30.0,80.0,587702.0,8.1157,8.1299,20.0,100.0,60.0,0.0
309,2017-04-25,6.93,1056367.0,889979.0,45780.0,46360.0,45570.0,46030.0,0.960509,60.0,80.0,60.0,70.0,-28.5,-57.5,46050.0,45900.0,5652.5,262250.0,135675.0,325517.0,229361.0,96534.0,45880.0,0.0,60.0,581056.0,8.061,8.0785,-30.0,40.0,5.0,0.0
310,2017-04-26,6.93,1056367.0,889979.0,46220.0,46450.0,45880.0,46230.0,0.921505,-20.0,0.0,60.0,70.0,-26.0,-52.0,46440.0,46180.0,5677.5,261475.0,126475.0,324680.0,229361.0,94203.0,46230.0,-60.0,0.0,573782.0,8.0798,8.1078,-80.0,-20.0,-50.0,0.0
311,2017-04-27,6.93,1056367.0,889979.0,46340.0,46510.0,46170.0,46290.0,0.928182,-20.0,0.0,60.0,70.0,-23.25,-50.5,46470.0,46200.0,5686.5,260575.0,120625.0,323003.0,229361.0,93820.0,46310.0,-50.0,-20.0,565644.0,8.1124,8.1422,-70.0,-20.0,-45.0,1.0
312,2017-04-28,6.94,1056367.0,889979.0,46330.0,46470.0,45840.0,46330.0,0.905701,0.0,20.0,60.0,70.0,-25.0,-48.0,46420.0,46190.0,5688.5,259725.0,122550.0,325306.0,229361.0,92719.0,46230.0,-20.0,10.0,568234.0,8.0722,8.0809,-40.0,10.0,-15.0,0.0
314,2017-05-02,6.94,926645.0,1043680.0,46950.0,47100.0,46690.0,46790.0,0.910969,40.0,60.0,60.0,70.0,-31.5,-61.0,46980.0,46760.0,5746.5,253675.0,121250.0,331180.0,215231.0,91230.0,46870.0,0.0,40.0,561120.0,8.0517,8.0811,0.0,30.0,15.0,1.0
315,2017-05-03,6.94,926645.0,1043680.0,46860.0,46940.0,46480.0,46580.0,0.885405,50.0,70.0,60.0,70.0,-33.25,-67.0,46790.0,46540.0,5636.5,284925.0,160200.0,336482.0,215231.0,88382.0,46690.0,40.0,90.0,560838.0,8.2976,8.3208,30.0,70.0,50.0,1.0
316,2017-05-04,6.94,926645.0,1043680.0,45870.0,45970.0,45010.0,45180.0,0.866992,120.0,140.0,60.0,70.0,-25.0,-68.0,45690.0,45460.0,5543.0,317850.0,200275.0,338296.0,215231.0,83360.0,45550.0,60.0,100.0,568508.0,8.1546,8.1672,60.0,100.0,80.0,1.0
317,2017-05-05,6.95,926645.0,1043680.0,45000.0,45280.0,44680.0,44980.0,0.822317,130.0,150.0,60.0,70.0,-22.0,-64.0,45120.0,45070.0,5530.5,354650.0,243300.0,335373.0,215231.0,78033.0,45010.0,60.0,100.0,595596.0,8.0609,8.0645,50.0,100.0,75.0,0.0
319,2017-05-08,6.94,926645.0,1043680.0,45000.0,45550.0,44650.0,44670.0,0.842315,130.0,150.0,60.0,70.0,-24.25,-64.0,45110.0,44910.0,5466.0,351550.0,243300.0,333088.0,194993.0,75317.0,45080.0,60.0,100.0,607730.0,8.1396,8.1488,40.0,90.0,65.0,1.0
320,2017-05-09,6.95,926645.0,1043680.0,44620.0,44890.0,44420.0,44730.0,0.818066,110.0,130.0,60.0,70.0,-25.75,-63.0,44740.0,44690.0,5496.0,342825.0,241500.0,333611.0,194993.0,74211.0,44700.0,30.0,70.0,601916.0,8.1106,8.1106,30.0,60.0,45.0,0.0
321,2017-05-10,6.95,926645.0,1043680.0,44840.0,45240.0,44730.0,44860.0,0.740573,80.0,100.0,60.0,70.0,-25.25,-60.0,44990.0,44840.0,5512.0,339200.0,240000.0,333945.0,194993.0,72930.0,44950.0,40.0,70.0,597612.0,8.1451,8.1578,30.0,60.0,45.0,1.0
322,2017-05-11,6.95,926645.0,1043680.0,44980.0,45330.0,44660.0,45270.0,0.687192,60.0,80.0,60.0,70.0,-21.75,-56.0,45010.0,44880.0,5580.5,336725.0,237125.0,333921.0,194993.0,72300.0,44940.0,30.0,90.0,594338.0,8.1528,8.1744,30.0,60.0,45.0,0.0
323,2017-05-12,6.95,926645.0,1043680.0,45510.0,45580.0,44830.0,44930.0,0.544687,70.0,90.0,60.0,70.0,-20.75,-56.25,45090.0,44930.0,5520.0,329375.0,219625.0,331096.0,194993.0,71695.0,45030.0,30.0,80.0,608270.0,8.0676,8.0802,20.0,60.0,40.0,0.0
325,2017-05-15,6.95,926645.0,1043680.0,45080.0,45560.0,44900.0,45430.0,0.585691,20.0,40.0,60.0,70.0,-19.75,-53.0,45290.0,45170.0,5586.0,325150.0,218700.0,331375.0,196358.0,71943.0,45200.0,40.0,80.0,602660.0,8.0029,8.0492,20.0,90.0,55.0,0.0
326,2017-05-16,6.94,926645.0,1043680.0,45540.0,45570.0,45030.0,45170.0,1.00663,0.0,20.0,60.0,70.0,-16.25,-53.25,45390.0,45230.0,5584.0,322500.0,218700.0,318226.0,196358.0,72742.0,45290.0,-50.0,10.0,595754.0,8.0467,8.0574,-50.0,0.0,-25.0,0.0
327,2017-05-17,6.95,926645.0,1043680.0,45290.0,45650.0,45270.0,45390.0,1.00652,0.0,20.0,60.0,70.0,-17.5,-55.0,45570.0,45370.0,5575.0,339600.0,233375.0,320350.0,196358.0,72294.0,45410.0,-40.0,10.0,583120.0,8.082,8.1016,-40.0,0.0,-20.0,1.0
328,2017-05-18,6.93,926645.0,1043680.0,45240.0,45480.0,44920.0,44960.0,1.02432,-10.0,10.0,60.0,70.0,-18.0,-55.5,45260.0,45050.0,5490.0,340350.0,237475.0,316393.0,196358.0,71420.0,45130.0,-50.0,-10.0,599758.0,8.0538,8.0753,-60.0,-10.0,-35.0,1.0
329,2017-05-19,6.93,926645.0,1043680.0,44650.0,45400.0,44610.0,45300.0,1.01733,0.0,20.0,60.0,70.0,-16.75,-53.0,45320.0,45160.0,5596.0,336650.0,225975.0,313462.0,196358.0,69716.0,45130.0,-60.0,-20.0,584052.0,7.9697,7.9838,-80.0,-30.0,-55.0,0.0
331,2017-05-22,6.94,926645.0,1043680.0,45570.0,46030.0,45470.0,45800.0,0.960023,-20.0,0.0,60.0,70.0,-14.0,-50.0,45960.0,45760.0,5677.0,332300.0,207275.0,315800.0,198585.0,68911.0,45810.0,-60.0,0.0,569080.0,8.0274,8.0414,-90.0,-30.0,-60.0,0.0
332,2017-05-23,6.93,926645.0,1043680.0,45980.0,46130.0,45760.0,45770.0,0.950282,-20.0,0.0,60.0,70.0,-19.0,-54.0,46080.0,45880.0,5660.5,329875.0,194850.0,321409.0,198585.0,68611.0,45950.0,-40.0,0.0,568678.0,8.0028,8.0238,-70.0,-10.0,-40.0,1.0
333,2017-05-24,6.93,926645.0,1043680.0,45920.0,46160.0,45510.0,45780.0,0.986873,-40.0,-20.0,60.0,70.0,-19.5,-53.5,45970.0,45790.0,5662.5,325675.0,176225.0,323092.0,198585.0,67611.0,45860.0,-60.0,-10.0,581566.0,8.0489,8.0665,-70.0,-20.0,-45.0,0.0
334,2017-05-25,6.94,926645.0,1043680.0,45900.0,46070.0,45730.0,45970.0,0.951863,-30.0,-10.0,60.0,80.0,-18.0,-54.5,46060.0,45870.0,5665.0,321575.0,172000.0,326195.0,198585.0,67338.0,45910.0,-70.0,-30.0,581496.0,8.0262,8.0367,-80.0,-30.0,-55.0,0.0
335,2017-05-26,6.92,926645.0,1043680.0,45910.0,46350.0,45850.0,46000.0,0.950619,-30.0,-10.0,60.0,80.0,-19.5,-57.5,46150.0,45920.0,5671.0,318650.0,160750.0,327675.0,198585.0,66738.0,46050.0,-70.0,-20.0,578398.0,8.1166,8.1343,-90.0,-40.0,-65.0,1.0
338,2017-05-31,6.91,992053.0,1064853.0,45690.0,45850.0,45170.0,45230.0,0.916315,-20.0,0.0,60.0,80.0,-24.25,-56.25,45630.0,45500.0,5615.5,311150.0,157275.0,324262.0,208239.0,61746.0,45540.0,-60.0,0.0,580554.0,7.9465,7.9571,-90.0,-30.0,-60.0,1.0
339,2017-06-01,6.88,992053.0,1064853.0,45320.0,45570.0,45110.0,45350.0,0.90232,-20.0,0.0,60.0,80.0,-24.0,-51.5,45410.0,45250.0,5636.5,308000.0,142825.0,325529.0,208239.0,60823.0,45330.0,-60.0,-10.0,572520.0,7.9355,7.9443,-70.0,-20.0,-45.0,0.0
340,2017-06-02,6.88,992053.0,1064853.0,45450.0,45610.0,45280.0,45380.0,0.973022,-20.0,0.0,60.0,80.0,-25.0,-52.75,45500.0,45280.0,5559.5,305550.0,142925.0,327209.0,208239.0,59824.0,45410.0,-60.0,0.0,582804.0,7.9894,8.0,-60.0,-20.0,-40.0,1.0
342,2017-06-05,6.88,992053.0,1064853.0,44980.0,45490.0,44900.0,45280.0,1.02235,20.0,60.0,60.0,80.0,-30.25,-54.5,45330.0,45200.0,5586.5,302625.0,142925.0,324733.0,190262.0,59724.0,45250.0,0.0,30.0,580036.0,8.0249,8.0391,-20.0,20.0,0.0,1.0
343,2017-06-06,6.88,992053.0,1064853.0,45160.0,45350.0,44900.0,44920.0,1.05398,20.0,40.0,60.0,80.0,-30.0,-55.0,45220.0,45070.0,5540.5,299575.0,144850.0,323729.0,190262.0,58200.0,45150.0,-10.0,30.0,590546.0,7.9815,7.9922,-20.0,20.0,0.0,1.0
344,2017-06-07,6.84,992053.0,1064853.0,44850.0,45300.0,44680.0,44880.0,1.10856,40.0,60.0,60.0,80.0,-29.25,-56.25,45100.0,44970.0,5575.5,294225.0,144850.0,323783.0,190262.0,56747.0,45020.0,10.0,40.0,584600.0,7.9762,7.9815,-10.0,40.0,15.0,0.0
345,2017-06-08,6.84,992053.0,1064853.0,44980.0,45360.0,44820.0,45260.0,1.29491,50.0,70.0,60.0,80.0,-25.75,-50.75,45150.0,44990.0,5647.5,286350.0,145150.0,331049.0,190262.0,56171.0,45070.0,20.0,40.0,570120.0,7.8747,7.8974,10.0,40.0,25.0,0.0
346,2017-06-09,6.84,992053.0,1064853.0,45530.0,46000.0,45490.0,45930.0,1.40143,50.0,70.0,60.0,80.0,-24.5,-51.75,45820.0,45630.0,5739.0,276875.0,145175.0,335089.0,190262.0,55099.0,45750.0,20.0,70.0,571338.0,7.8984,7.9121,10.0,50.0,30.0,0.0
348,2017-06-12,6.85,992053.0,1064853.0,46220.0,46600.0,46110.0,46370.0,1.41933,50.0,70.0,60.0,80.0,-29.0,-57.25,46420.0,46150.0,5752.0,279575.0,152800.0,342486.0,199014.0,55099.0,46340.0,20.0,80.0,575162.0,7.9983,8.0364,0.0,50.0,25.0,1.0
349,2017-06-13,6.84,992053.0,1064853.0,46290.0,46340.0,45810.0,45830.0,0.919781,-20.0,20.0,60.0,80.0,-31.5,-60.75,46150.0,45890.0,5659.0,275850.0,153800.0,344985.0,199014.0,58120.0,46070.0,-20.0,20.0,573816.0,7.9969,8.0178,-40.0,0.0,-20.0,1.0
350,2017-06-14,6.84,992053.0,1064853.0,45650.0,46020.0,45630.0,45960.0,0.548769,-20.0,0.0,60.0,80.0,-30.5,-60.5,45890.0,45600.0,5684.5,272625.0,159400.0,343940.0,199014.0,57998.0,45800.0,-40.0,0.0,561322.0,8.0267,8.0617,-60.0,-20.0,-40.0,1.0
351,2017-06-15,6.84,992053.0,1064853.0,45850.0,45920.0,45380.0,45600.0,0.428441,-60.0,-40.0,60.0,80.0,-24.75,-59.75,45730.0,45360.0,5637.0,268500.0,159300.0,343017.0,199014.0,58371.0,45650.0,90.0,160.0,547820.0,8.0039,8.0551,50.0,110.0,80.0,1.0
352,2017-06-16,6.84,992053.0,1064853.0,45550.0,45800.0,45360.0,45490.0,0.790962,-70.0,-50.0,60.0,80.0,-24.0,-58.75,45790.0,45530.0,5655.5,268450.0,162350.0,339310.0,199014.0,58541.0,45570.0,-110.0,-50.0,537558.0,8.0247,8.0477,-120.0,-80.0,-100.0,
